Workbook

Sheet دليل Pro
A1: Diet Pro Athlete — نظام تغذية الرياضيين بالجرام (مستقل)
A2: لا يستبدل التقييم السريري أو الحكم المهني لأخصائي التغذية.
A4: 1) «Pro ملف الرياضي»: أدخل بيانات الرياضي (اسم، جنس، عمر، وزن، طول) واختر المرحلة وأدخل نوع كل يوم ومدة التدريب؛ تظهر أهداف كل يوم بالجرام.
A5: 2) «Pro مخطط الأسبوع»: لكل وجبة اختر الصنف واكتب الجرامات؛ يظهر مجموع الوجبة ومجموع اليوم والفرق عن الهدف.
A6: 3) «Pro باني الوجبة»: اكتب هدف الوجبة بالجرام واختر مصادر البروتين والكارب والدهون فيحسب الجرامات.
A7: 4) «Pro قاعدة الأغذية»: 122 صنفاً من USDA لكل 100 جم؛ أضف أصنافاً من Pro_Foods_Database.xlsx.
A8: 5) «Pro إعدادات» و«Pro إرشادات المراحل»: كل القيم والعبارات قابلة للتعديل.
A9: 6) احفظ الملف (Ctrl+S) ثم شغّل: python make_pro_word.py --xlsx Diet_Pro_Athlete.xlsx --out Pro_Plan.docx

Sheet Pro ملف الرياضي
A1: Pro — ملف الرياضي والأهداف بالجرام
A2: يعمل بالجرام وبشكل مستقل عن نظام الحصص. الاسم والجنس والعمر والوزن والطول تُؤخذ من صفحة العميل. أدخل المرحلة وجدول الأسبوع (الخلايا الصفراء).
A4: الاسم | B4: رياضي تجريبي
A5: الجنس | B5: ذكر
A6: العمر | B6: 28
A7: الوزن (كجم) | B7: 80
A8: الطول (سم) | B8: 178
A9: نسبة الدهون % (اختياري — تفعّل معادلة الكتلة الخالية)
A10: الرياضة | B10: كمال أجسام
A11: المرحلة | B11: تثبيت / صيانة
A12: طريقة حساب الكارب | B12: حسب حمل التدريب (g/kg)
A14: الكتلة الخالية FFM (كجم) | B14: =IF(B9="","",B7*(1-B9))
A15: BMR | B15: =IF(B9="",IF(B5="ذكر",10*B7+6.25*B8-5*B6+5,10*B7+6.25*B8-5*B6-161),370+21.6*B14) -> 1777.5
A16: طريقة BMR | B16: =IF(B9="","Mifflin-St Jeor (لا توجد نسبة دهون)","Cunningham (كتلة خالية)") -> Mifflin-St Jeor (لا توجد نسبة دهون)
A17: بروتين g/kg (المرحلة) | B17: =INDEX('Pro إعدادات'!$B$5:$B$10,MATCH(B11,'Pro إعدادات'!$A$5:$A$10,0)) -> 1.8
A18: دهون g/kg (المرحلة) | B18: =INDEX('Pro إعدادات'!$C$5:$C$10,MATCH(B11,'Pro إعدادات'!$A$5:$A$10,0)) -> 0.9
A19: تعديل سعرات المرحلة | B19: =INDEX('Pro إعدادات'!$D$5:$D$10,MATCH(B11,'Pro إعدادات'!$A$5:$A$10,0)) -> 0
A21: جدول الأسبوع والأهداف بالجرام
A22: اليوم | B22: نوع اليوم | C22: مدة التدريب (د) | D22: وقت التدريب | E22: سعرات التدريب | F22: TDEE | G22: سعرات الهدف | H22: بروتين g | I22: كارب g | J22: دهون g | K22: kcal الماكروز | L22: فرق عن الهدف | M22: كارب g/kg | N22: ماء (لتر) | O22: EA kcal/kg FFM | P22: تحذيرات
A23: الأحد | B23: تدريب ثقيل | C23: 75 | D23: 17:00 | E23: =C23*INDEX('Pro إعدادات'!$C$14:$C$19,MATCH(B23,'Pro إعدادات'!$A$14:$A$19,0)) -> 525 | F23: =$B$15*'Pro إعدادات'!$B$22+E23 -> 2835.75 | G23: =F23*(1+$B$19) -> 2835.75 | H23: =$B$17*$B$7 -> 144 | I23: =IF($B$12="حسب حمل التدريب (g/kg)",INDEX('Pro إعدادات'!$B$14:$B$19,MATCH(B23,'Pro إعدادات'!$A$14:$A$19,0))*$B$7,MAX(0,(G23-4*H23-9*J23)/4)) -> 480 | J23: =$B$18*$B$7 -> 72 | K23: =4*H23+4*I23+9*J23 -> 3144 | L23: =K23-G23 -> 308.25 | M23: =IF($B$7>0,I23/$B$7,"") -> 6 | N23: =('Pro إعدادات'!$B$26*$B$7+'Pro إعدادات'!$B$27*C23/60)/1000 -> 3.425 | O23: =IF($B$14="","",(K23-E23)/$B$14) | P23: =TRIM(IF(K23<$B$15,"⚠ السعرات أقل من BMR؛ ","")&IF(H23/$B$7<'Pro إعدادات'!$B$23,"⚠ بروتين منخفض؛ ","")&IF(J23/$B$7<'Pro إعدادات'!$B$24,"⚠ دهون منخفضة؛ ","")&IF(M23<'Pro إعدادات'!$B$29,"⚠ كارب منخفض؛ ","")&IF(AND(O23<>"",N(O23)<'Pro إعدادات'!$B$25),"⚠ طاقة متاحة منخفضة (RED-S)؛ ","")&IF(ABS(L23)>G23*0.1,"ℹ سعرات الماكروز تختلف عن هدف TDEE بأكثر من 10%؛ ","")) -> ℹ سعرات الماكروز تختلف عن هدف TDEE بأكثر من 10%؛
A24: الاثنين | B24: تدريب متوسط | C24: 60 | D24: 17:00 | E24: =C24*INDEX('Pro إعدادات'!$C$14:$C$19,MATCH(B24,'Pro إعدادات'!$A$14:$A$19,0)) -> 360 | F24: =$B$15*'Pro إعدادات'!$B$22+E24 -> 2670.75 | G24: =F24*(1+$B$19) -> 2670.75 | H24: =$B$17*$B$7 -> 144 | I24: =IF($B$12="حسب حمل التدريب (g/kg)",INDEX('Pro إعدادات'!$B$14:$B$19,MATCH(B24,'Pro إعدادات'!$A$14:$A$19,0))*$B$7,MAX(0,(G24-4*H24-9*J24)/4)) -> 400 | J24: =$B$18*$B$7 -> 72 | K24: =4*H24+4*I24+9*J24 -> 2824 | L24: =K24-G24 -> 153.25 | M24: =IF($B$7>0,I24/$B$7,"") -> 5 | N24: =('Pro إعدادات'!$B$26*$B$7+'Pro إعدادات'!$B$27*C24/60)/1000 -> 3.3 | O24: =IF($B$14="","",(K24-E24)/$B$14) | P24: =TRIM(IF(K24<$B$15,"⚠ السعرات أقل من BMR؛ ","")&IF(H24/$B$7<'Pro إعدادات'!$B$23,"⚠ بروتين منخفض؛ ","")&IF(J24/$B$7<'Pro إعدادات'!$B$24,"⚠ دهون منخفضة؛ ","")&IF(M24<'Pro إعدادات'!$B$29,"⚠ كارب منخفض؛ ","")&IF(AND(O24<>"",N(O24)<'Pro إعدادات'!$B$25),"⚠ طاقة متاحة منخفضة (RED-S)؛ ","")&IF(ABS(L24)>G24*0.1,"ℹ سعرات الماكروز تختلف عن هدف TDEE بأكثر من 10%؛ ",""))
A25: الثلاثاء | B25: راحة | C25: 0 | E25: =C25*INDEX('Pro إعدادات'!$C$14:$C$19,MATCH(B25,'Pro إعدادات'!$A$14:$A$19,0)) -> 0 | F25: =$B$15*'Pro إعدادات'!$B$22+E25 -> 2310.75 | G25: =F25*(1+$B$19) -> 2310.75 | H25: =$B$17*$B$7 -> 144 | I25: =IF($B$12="حسب حمل التدريب (g/kg)",INDEX('Pro إعدادات'!$B$14:$B$19,MATCH(B25,'Pro إعدادات'!$A$14:$A$19,0))*$B$7,MAX(0,(G25-4*H25-9*J25)/4)) -> 240 | J25: =$B$18*$B$7 -> 72 | K25: =4*H25+4*I25+9*J25 -> 2184 | L25: =K25-G25 -> -126.75 | M25: =IF($B$7>0,I25/$B$7,"") -> 3 | N25: =('Pro إعدادات'!$B$26*$B$7+'Pro إعدادات'!$B$27*C25/60)/1000 -> 2.8 | O25: =IF($B$14="","",(K25-E25)/$B$14) | P25: =TRIM(IF(K25<$B$15,"⚠ السعرات أقل من BMR؛ ","")&IF(H25/$B$7<'Pro إعدادات'!$B$23,"⚠ بروتين منخفض؛ ","")&IF(J25/$B$7<'Pro إعدادات'!$B$24,"⚠ دهون منخفضة؛ ","")&IF(M25<'Pro إعدادات'!$B$29,"⚠ كارب منخفض؛ ","")&IF(AND(O25<>"",N(O25)<'Pro إعدادات'!$B$25),"⚠ طاقة متاحة منخفضة (RED-S)؛ ","")&IF(ABS(L25)>G25*0.1,"ℹ سعرات الماكروز تختلف عن هدف TDEE بأكثر من 10%؛ ",""))
A26: الأربعاء | B26: تدريب ثقيل | C26: 75 | D26: 17:00 | E26: =C26*INDEX('Pro إعدادات'!$C$14:$C$19,MATCH(B26,'Pro إعدادات'!$A$14:$A$19,0)) -> 525 | F26: =$B$15*'Pro إعدادات'!$B$22+E26 -> 2835.75 | G26: =F26*(1+$B$19) -> 2835.75 | H26: =$B$17*$B$7 -> 144 | I26: =IF($B$12="حسب حمل التدريب (g/kg)",INDEX('Pro إعدادات'!$B$14:$B$19,MATCH(B26,'Pro إعدادات'!$A$14:$A$19,0))*$B$7,MAX(0,(G26-4*H26-9*J26)/4)) -> 480 | J26: =$B$18*$B$7 -> 72 | K26: =4*H26+4*I26+9*J26 -> 3144 | L26: =K26-G26 -> 308.25 | M26: =IF($B$7>0,I26/$B$7,"") -> 6 | N26: =('Pro إعدادات'!$B$26*$B$7+'Pro إعدادات'!$B$27*C26/60)/1000 -> 3.425 | O26: =IF($B$14="","",(K26-E26)/$B$14) | P26: =TRIM(IF(K26<$B$15,"⚠ السعرات أقل من BMR؛ ","")&IF(H26/$B$7<'Pro إعدادات'!$B$23,"⚠ بروتين منخفض؛ ","")&IF(J26/$B$7<'Pro إعدادات'!$B$24,"⚠ دهون منخفضة؛ ","")&IF(M26<'Pro إعدادات'!$B$29,"⚠ كارب منخفض؛ ","")&IF(AND(O26<>"",N(O26)<'Pro إعدادات'!$B$25),"⚠ طاقة متاحة منخفضة (RED-S)؛ ","")&IF(ABS(L26)>G26*0.1,"ℹ سعرات الماكروز تختلف عن هدف TDEE بأكثر من 10%؛ ","")) -> ℹ سعرات الماكروز تختلف عن هدف TDEE بأكثر من 10%؛
A27: الخميس | B27: تدريب متوسط | C27: 60 | D27: 17:00 | E27: =C27*INDEX('Pro إعدادات'!$C$14:$C$19,MATCH(B27,'Pro إعدادات'!$A$14:$A$19,0)) -> 360 | F27: =$B$15*'Pro إعدادات'!$B$22+E27 -> 2670.75 | G27: =F27*(1+$B$19) -> 2670.75 | H27: =$B$17*$B$7 -> 144 | I27: =IF($B$12="حسب حمل التدريب (g/kg)",INDEX('Pro إعدادات'!$B$14:$B$19,MATCH(B27,'Pro إعدادات'!$A$14:$A$19,0))*$B$7,MAX(0,(G27-4*H27-9*J27)/4)) -> 400 | J27: =$B$18*$B$7 -> 72 | K27: =4*H27+4*I27+9*J27 -> 2824 | L27: =K27-G27 -> 153.25 | M27: =IF($B$7>0,I27/$B$7,"") -> 5 | N27: =('Pro إعدادات'!$B$26*$B$7+'Pro إعدادات'!$B$27*C27/60)/1000 -> 3.3 | O27: =IF($B$14="","",(K27-E27)/$B$14) | P27: =TRIM(IF(K27<$B$15,"⚠ السعرات أقل من BMR؛ ","")&IF(H27/$B$7<'Pro إعدادات'!$B$23,"⚠ بروتين منخفض؛ ","")&IF(J27/$B$7<'Pro إعدادات'!$B$24,"⚠ دهون منخفضة؛ ","")&IF(M27<'Pro إعدادات'!$B$29,"⚠ كارب منخفض؛ ","")&IF(AND(O27<>"",N(O27)<'Pro إعدادات'!$B$25),"⚠ طاقة متاحة منخفضة (RED-S)؛ ","")&IF(ABS(L27)>G27*0.1,"ℹ سعرات الماكروز تختلف عن هدف TDEE بأكثر من 10%؛ ",""))
A28: الجمعة | B28: راحة | C28: 0 | E28: =C28*INDEX('Pro إعدادات'!$C$14:$C$19,MATCH(B28,'Pro إعدادات'!$A$14:$A$19,0)) -> 0 | F28: =$B$15*'Pro إعدادات'!$B$22+E28 -> 2310.75 | G28: =F28*(1+$B$19) -> 2310.75 | H28: =$B$17*$B$7 -> 144 | I28: =IF($B$12="حسب حمل التدريب (g/kg)",INDEX('Pro إعدادات'!$B$14:$B$19,MATCH(B28,'Pro إعدادات'!$A$14:$A$19,0))*$B$7,MAX(0,(G28-4*H28-9*J28)/4)) -> 240 | J28: =$B$18*$B$7 -> 72 | K28: =4*H28+4*I28+9*J28 -> 2184 | L28: =K28-G28 -> -126.75 | M28: =IF($B$7>0,I28/$B$7,"") -> 3 | N28: =('Pro إعدادات'!$B$26*$B$7+'Pro إعدادات'!$B$27*C28/60)/1000 -> 2.8 | O28: =IF($B$14="","",(K28-E28)/$B$14) | P28: =TRIM(IF(K28<$B$15,"⚠ السعرات أقل من BMR؛ ","")&IF(H28/$B$7<'Pro إعدادات'!$B$23,"⚠ بروتين منخفض؛ ","")&IF(J28/$B$7<'Pro إعدادات'!$B$24,"⚠ دهون منخفضة؛ ","")&IF(M28<'Pro إعدادات'!$B$29,"⚠ كارب منخفض؛ ","")&IF(AND(O28<>"",N(O28)<'Pro إعدادات'!$B$25),"⚠ طاقة متاحة منخفضة (RED-S)؛ ","")&IF(ABS(L28)>G28*0.1,"ℹ سعرات الماكروز تختلف عن هدف TDEE بأكثر من 10%؛ ",""))
A29: السبت | B29: تدريب خفيف | C29: 45 | D29: 10:00 | E29: =C29*INDEX('Pro إعدادات'!$C$14:$C$19,MATCH(B29,'Pro إعدادات'!$A$14:$A$19,0)) -> 225 | F29: =$B$15*'Pro إعدادات'!$B$22+E29 -> 2535.75 | G29: =F29*(1+$B$19) -> 2535.75 | H29: =$B$17*$B$7 -> 144 | I29: =IF($B$12="حسب حمل التدريب (g/kg)",INDEX('Pro إعدادات'!$B$14:$B$19,MATCH(B29,'Pro إعدادات'!$A$14:$A$19,0))*$B$7,MAX(0,(G29-4*H29-9*J29)/4)) -> 320 | J29: =$B$18*$B$7 -> 72 | K29: =4*H29+4*I29+9*J29 -> 2504 | L29: =K29-G29 -> -31.75 | M29: =IF($B$7>0,I29/$B$7,"") -> 4 | N29: =('Pro إعدادات'!$B$26*$B$7+'Pro إعدادات'!$B$27*C29/60)/1000 -> 3.175 | O29: =IF($B$14="","",(K29-E29)/$B$14) | P29: =TRIM(IF(K29<$B$15,"⚠ السعرات أقل من BMR؛ ","")&IF(H29/$B$7<'Pro إعدادات'!$B$23,"⚠ بروتين منخفض؛ ","")&IF(J29/$B$7<'Pro إعدادات'!$B$24,"⚠ دهون منخفضة؛ ","")&IF(M29<'Pro إعدادات'!$B$29,"⚠ كارب منخفض؛ ","")&IF(AND(O29<>"",N(O29)<'Pro إعدادات'!$B$25),"⚠ طاقة متاحة منخفضة (RED-S)؛ ","")&IF(ABS(L29)>G29*0.1,"ℹ سعرات الماكروز تختلف عن هدف TDEE بأكثر من 10%؛ ",""))
A31: متوسط الأسبوع | E31: =AVERAGE(E23:E29) -> 285 | F31: =AVERAGE(F23:F29) -> 2595.75 | G31: =AVERAGE(G23:G29) -> 2595.75 | H31: =AVERAGE(H23:H29) -> 144 | I31: =AVERAGE(I23:I29) -> 365.71429 | J31: =AVERAGE(J23:J29) -> 72 | K31: =AVERAGE(K23:K29) -> 2686.8571 | N31: =AVERAGE(N23:N29) -> 3.175
A33: بيانات الخطة (تظهر في ملف Word)
A34: تاريخ الخطة | B34: 46306
A35: اسم الأخصائي / العيادة | B35: اسم الأخصائي
A36: رقم التواصل / واتساب
A37: تاريخ المتابعة القادمة | B37: 46320
A38: هدف الرياضي (بكلماته) | B38: الوصول لأفضل لياقة وشكل
A39: وزن الهدف (كجم)
A40: مدة المرحلة (أسابيع) | B40: 8
A41: ملاحظة الأخصائي للرياضي

Sheet Pro مخطط الأسبوع
A1: Pro — مخطط الوجبات بالجرام (مجموع كل وجبة + مجموع اليوم)
A2: لكل وجبة اختر الصنف (قائمة من «Pro قاعدة الأغذية») واكتب الجرامات؛ تُحسب السعرات والماكروز تلقائياً، مع مجموع الوجبة ومجموع اليوم والفرق عن الهدف (أخضر = ضمن السماحية).
A4: ="الأحد — "&'Pro ملف الرياضي'!B23&" | الهدف: "&ROUND('Pro ملف الرياضي'!G23,0)&" kcal • بروتين "&ROUND('Pro ملف الرياضي'!H23,0)&" جم • كارب "&ROUND('Pro ملف الرياضي'!I23,0)&" جم • دهون "&ROUND('Pro ملف الرياضي'!J23,0)&" جم" -> الأحد — تدريب ثقيل | الهدف: 2836 kcal • بروتين 144 جم • كارب 480 جم • دهون 72 جم | T4: =IF(INDEX('Pro إعدادات'!$D$14:$D$19,MATCH('Pro ملف الرياضي'!B23,'Pro إعدادات'!$A$14:$A$19,0))="نعم",1,0) -> 1
A5: الوجبة | B5: الصنف | C5: جرام | D5: kcal | E5: بروتين g | F5: كارب g | G5: دهون g | H5: ألياف g | I5: صوديوم mg | J5: الحالة | K5: هدف بروتين | L5: هدف كارب | M5: هدف دهون | N5: هدف kcal | O5: فرق بروتين | P5: فرق كارب | Q5: فرق دهون
A6: ='Pro إعدادات'!A33&" ("&'Pro إعدادات'!B33&")" -> الإفطار (07:30) | B6: شوفان جاف | C6: 90 | D6: =IF(OR($S6="",N($C6)=0),"",$C6/100*N(INDEX('Pro قاعدة الأغذية'!$F$5:$F$604,$S6))) -> 341.1 | E6: =IF(OR($S6="",N($C6)=0),"",$C6/100*N(INDEX('Pro قاعدة الأغذية'!$G$5:$G$604,$S6))) -> 11.88 | F6: =IF(OR($S6="",N($C6)=0),"",$C6/100*N(INDEX('Pro قاعدة الأغذية'!$H$5:$H$604,$S6))) -> 60.93 | G6: =IF(OR($S6="",N($C6)=0),"",$C6/100*N(INDEX('Pro قاعدة الأغذية'!$I$5:$I$604,$S6))) -> 5.868 | H6: =IF(OR($S6="",N($C6)=0),"",$C6/100*N(INDEX('Pro قاعدة الأغذية'!$J$5:$J$604,$S6))) -> 9.09 | I6: =IF(OR($S6="",N($C6)=0),"",$C6/100*N(INDEX('Pro قاعدة الأغذية'!$L$5:$L$604,$S6))) -> 5.4 | J6: =IF($S6="","",INDEX('Pro قاعدة الأغذية'!$E$5:$E$604,$S6)) -> مجفّف/جاف | S6: =IF(B6="","",IFERROR(MATCH(B6,'Pro قاعدة الأغذية'!$C$5:$C$604,0),"")) -> 12
B7: بيض كامل مسلوق | C7: 100 | D7: =IF(OR($S7="",N($C7)=0),"",$C7/100*N(INDEX('Pro قاعدة الأغذية'!$F$5:$F$604,$S7))) -> 155 | E7: =IF(OR($S7="",N($C7)=0),"",$C7/100*N(INDEX('Pro قاعدة الأغذية'!$G$5:$G$604,$S7))) -> 12.6 | F7: =IF(OR($S7="",N($C7)=0),"",$C7/100*N(INDEX('Pro قاعدة الأغذية'!$H$5:$H$604,$S7))) -> 1.12 | G7: =IF(OR($S7="",N($C7)=0),"",$C7/100*N(INDEX('Pro قاعدة الأغذية'!$I$5:$I$604,$S7))) -> 10.6 | H7: =IF(OR($S7="",N($C7)=0),"",$C7/100*N(INDEX('Pro قاعدة الأغذية'!$J$5:$J$604,$S7))) -> 0 | I7: =IF(OR($S7="",N($C7)=0),"",$C7/100*N(INDEX('Pro قاعدة الأغذية'!$L$5:$L$604,$S7))) -> 124 | J7: =IF($S7="","",INDEX('Pro قاعدة الأغذية'!$E$5:$E$604,$S7)) -> مطبوخ | S7: =IF(B7="","",IFERROR(MATCH(B7,'Pro قاعدة الأغذية'!$C$5:$C$604,0),"")) -> 42
B8: موز | C8: 120 | D8: =IF(OR($S8="",N($C8)=0),"",$C8/100*N(INDEX('Pro قاعدة الأغذية'!$F$5:$F$604,$S8))) -> 106.8 | E8: =IF(OR($S8="",N($C8)=0),"",$C8/100*N(INDEX('Pro قاعدة الأغذية'!$G$5:$G$604,$S8))) -> 1.308 | F8: =IF(OR($S8="",N($C8)=0),"",$C8/100*N(INDEX('Pro قاعدة الأغذية'!$H$5:$H$604,$S8))) -> 27.36 | G8: =IF(OR($S8="",N($C8)=0),"",$C8/100*N(INDEX('Pro قاعدة الأغذية'!$I$5:$I$604,$S8))) -> 0.396 | H8: =IF(OR($S8="",N($C8)=0),"",$C8/100*N(INDEX('Pro قاعدة الأغذية'!$J$5:$J$604,$S8))) -> 3.12 | I8: =IF(OR($S8="",N($C8)=0),"",$C8/100*N(INDEX('Pro قاعدة الأغذية'!$L$5:$L$604,$S8))) -> 1.2 | J8: =IF($S8="","",INDEX('Pro قاعدة الأغذية'!$E$5:$E$604,$S8)) -> نيء | S8: =IF(B8="","",IFERROR(MATCH(B8,'Pro قاعدة الأغذية'!$C$5:$C$604,0),"")) -> 78
D9: =IF(OR($S9="",N($C9)=0),"",$C9/100*N(INDEX('Pro قاعدة الأغذية'!$F$5:$F$604,$S9))) | E9: =IF(OR($S9="",N($C9)=0),"",$C9/100*N(INDEX('Pro قاعدة الأغذية'!$G$5:$G$604,$S9))) | F9: =IF(OR($S9="",N($C9)=0),"",$C9/100*N(INDEX('Pro قاعدة الأغذية'!$H$5:$H$604,$S9))) | G9: =IF(OR($S9="",N($C9)=0),"",$C9/100*N(INDEX('Pro قاعدة الأغذية'!$I$5:$I$604,$S9))) | H9: =IF(OR($S9="",N($C9)=0),"",$C9/100*N(INDEX('Pro قاعدة الأغذية'!$J$5:$J$604,$S9))) | I9: =IF(OR($S9="",N($C9)=0),"",$C9/100*N(INDEX('Pro قاعدة الأغذية'!$L$5:$L$604,$S9))) | J9: =IF($S9="","",INDEX('Pro قاعدة الأغذية'!$E$5:$E$604,$S9)) | S9: =IF(B9="","",IFERROR(MATCH(B9,'Pro قاعدة الأغذية'!$C$5:$C$604,0),""))
D10: =IF(OR($S10="",N($C10)=0),"",$C10/100*N(INDEX('Pro قاعدة الأغذية'!$F$5:$F$604,$S10))) | E10: =IF(OR($S10="",N($C10)=0),"",$C10/100*N(INDEX('Pro قاعدة الأغذية'!$G$5:$G$604,$S10))) | F10: =IF(OR($S10="",N($C10)=0),"",$C10/100*N(INDEX('Pro قاعدة الأغذية'!$H$5:$H$604,$S10))) | G10: =IF(OR($S10="",N($C10)=0),"",$C10/100*N(INDEX('Pro قاعدة الأغذية'!$I$5:$I$604,$S10))) | H10: =IF(OR($S10="",N($C10)=0),"",$C10/100*N(INDEX('Pro قاعدة الأغذية'!$J$5:$J$604,$S10))) | I10: =IF(OR($S10="",N($C10)=0),"",$C10/100*N(INDEX('Pro قاعدة الأغذية'!$L$5:$L$604,$S10))) | J10: =IF($S10="","",INDEX('Pro قاعدة الأغذية'!$E$5:$E$604,$S10)) | S10: =IF(B10="","",IFERROR(MATCH(B10,'Pro قاعدة الأغذية'!$C$5:$C$604,0),""))
D11: =IF(OR($S11="",N($C11)=0),"",$C11/100*N(INDEX('Pro قاعدة الأغذية'!$F$5:$F$604,$S11))) | E11: =IF(OR($S11="",N($C11)=0),"",$C11/100*N(INDEX('Pro قاعدة الأغذية'!$G$5:$G$604,$S11))) | F11: =IF(OR($S11="",N($C11)=0),"",$C11/100*N(INDEX('Pro قاعدة الأغذية'!$H$5:$H$604,$S11))) | G11: =IF(OR($S11="",N($C11)=0),"",$C11/100*N(INDEX('Pro قاعدة الأغذية'!$I$5:$I$604,$S11))) | H11: =IF(OR($S11="",N($C11)=0),"",$C11/100*N(INDEX('Pro قاعدة الأغذية'!$J$5:$J$604,$S11))) | I11: =IF(OR($S11="",N($C11)=0),"",$C11/100*N(INDEX('Pro قاعدة الأغذية'!$L$5:$L$604,$S11))) | J11: =IF($S11="","",INDEX('Pro قاعدة الأغذية'!$E$5:$E$604,$S11)) | S11: =IF(B11="","",IFERROR(MATCH(B11,'Pro قاعدة الأغذية'!$C$5:$C$604,0),""))
B12: مجموع الوجبة | C12: =SUM(C6:C11) -> 310 | D12: =SUM(D6:D11) -> 602.9 | E12: =SUM(E6:E11) -> 25.788 | F12: =SUM(F6:F11) -> 89.41 | G12: =SUM(G6:G11) -> 16.864 | H12: =SUM(H6:H11) -> 12.21 | I12: =SUM(I6:I11) -> 130.6 | K12: =IF(AND(('Pro إعدادات'!$C$33="نعم"),IF($T$4=1,'Pro إعدادات'!$G$39,'Pro إعدادات'!$D$39)>0),'Pro ملف الرياضي'!$H$23*IF($T$4=1,'Pro إعدادات'!$G$33,'Pro إعدادات'!$D$33)/IF($T$4=1,'Pro إعدادات'!$G$39,'Pro إعدادات'!$D$39),0) -> 28.8 | L12: =IF(AND(('Pro إعدادات'!$C$33="نعم"),IF($T$4=1,'Pro إعدادات'!$H$39,'Pro إعدادات'!$E$39)>0),'Pro ملف الرياضي'!$I$23*IF($T$4=1,'Pro إعدادات'!$H$33,'Pro إعدادات'!$E$33)/IF($T$4=1,'Pro إعدادات'!$H$39,'Pro إعدادات'!$E$39),0) -> 96 | M12: =IF(AND(('Pro إعدادات'!$C$33="نعم"),IF($T$4=1,'Pro إعدادات'!$I$39,'Pro إعدادات'!$F$39)>0),'Pro ملف الرياضي'!$J$23*IF($T$4=1,'Pro إعدادات'!$I$33,'Pro إعدادات'!$F$33)/IF($T$4=1,'Pro إعدادات'!$I$39,'Pro إعدادات'!$F$39),0) -> 18 | N12: =4*K12+4*L12+9*M12 -> 661.2 | O12: =E12-K12 -> -3.012 | P12: =F12-L12 -> -6.59 | Q12: =G12-M12 -> -1.136
A13: ='Pro إعدادات'!A34&" ("&'Pro إعدادات'!B34&")" -> سناك 1 / قبل التدريب (10:30) | B13: خبز بيتا (عربي) أبيض | C13: 100 | D13: =IF(OR($S13="",N($C13)=0),"",$C13/100*N(INDEX('Pro قاعدة الأغذية'!$F$5:$F$604,$S13))) -> 275 | E13: =IF(OR($S13="",N($C13)=0),"",$C13/100*N(INDEX('Pro قاعدة الأغذية'!$G$5:$G$604,$S13))) -> 9.1 | F13: =IF(OR($S13="",N($C13)=0),"",$C13/100*N(INDEX('Pro قاعدة الأغذية'!$H$5:$H$604,$S13))) -> 55.7 | G13: =IF(OR($S13="",N($C13)=0),"",$C13/100*N(INDEX('Pro قاعدة الأغذية'!$I$5:$I$604,$S13))) -> 1.2 | H13: =IF(OR($S13="",N($C13)=0),"",$C13/100*N(INDEX('Pro قاعدة الأغذية'!$J$5:$J$604,$S13))) -> 2.2 | I13: =IF(OR($S13="",N($C13)=0),"",$C13/100*N(INDEX('Pro قاعدة الأغذية'!$L$5:$L$604,$S13))) -> 536 | J13: =IF($S13="","",INDEX('Pro قاعدة الأغذية'!$E$5:$E$604,$S13)) -> غير محدد | S13: =IF(B13="","",IFERROR(MATCH(B13,'Pro قاعدة الأغذية'!$C$5:$C$604,0),"")) -> 16
B14: تمر مجدول | C14: 24 | D14: =IF(OR($S14="",N($C14)=0),"",$C14/100*N(INDEX('Pro قاعدة الأغذية'!$F$5:$F$604,$S14))) -> 66.48 | E14: =IF(OR($S14="",N($C14)=0),"",$C14/100*N(INDEX('Pro قاعدة الأغذية'!$G$5:$G$604,$S14))) -> 0.4344 | F14: =IF(OR($S14="",N($C14)=0),"",$C14/100*N(INDEX('Pro قاعدة الأغذية'!$H$5:$H$604,$S14))) -> 18 | G14: =IF(OR($S14="",N($C14)=0),"",$C14/100*N(INDEX('Pro قاعدة الأغذية'!$I$5:$I$604,$S14))) -> 0.036 | H14: =IF(OR($S14="",N($C14)=0),"",$C14/100*N(INDEX('Pro قاعدة الأغذية'!$J$5:$J$604,$S14))) -> 1.608 | I14: =IF(OR($S14="",N($C14)=0),"",$C14/100*N(INDEX('Pro قاعدة الأغذية'!$L$5:$L$604,$S14))) -> 0.24 | J14: =IF($S14="","",INDEX('Pro قاعدة الأغذية'!$E$5:$E$604,$S14)) -> غير محدد | S14: =IF(B14="","",IFERROR(MATCH(B14,'Pro قاعدة الأغذية'!$C$5:$C$604,0),"")) -> 81
B15: زبادي يوناني خالي الدسم | C15: 100 | D15: =IF(OR($S15="",N($C15)=0),"",$C15/100*N(INDEX('Pro قاعدة الأغذية'!$F$5:$F$604,$S15))) -> 59 | E15: =IF(OR($S15="",N($C15)=0),"",$C15/100*N(INDEX('Pro قاعدة الأغذية'!$G$5:$G$604,$S15))) -> 10.2 | F15: =IF(OR($S15="",N($C15)=0),"",$C15/100*N(INDEX('Pro قاعدة الأغذية'!$H$5:$H$604,$S15))) -> 3.6 | G15: =IF(OR($S15="",N($C15)=0),"",$C15/100*N(INDEX('Pro قاعدة الأغذية'!$I$5:$I$604,$S15))) -> 0.39 | H15: =IF(OR($S15="",N($C15)=0),"",$C15/100*N(INDEX('Pro قاعدة الأغذية'!$J$5:$J$604,$S15))) -> 0 | I15: =IF(OR($S15="",N($C15)=0),"",$C15/100*N(INDEX('Pro قاعدة الأغذية'!$L$5:$L$604,$S15))) -> 36 | J15: =IF($S15="","",INDEX('Pro قاعدة الأغذية'!$E$5:$E$604,$S15)) -> غير محدد | S15: =IF(B15="","",IFERROR(MATCH(B15,'Pro قاعدة الأغذية'!$C$5:$C$604,0),"")) -> 59
D16: =IF(OR($S16="",N($C16)=0),"",$C16/100*N(INDEX('Pro قاعدة الأغذية'!$F$5:$F$604,$S16))) | E16: =IF(OR($S16="",N($C16)=0),"",$C16/100*N(INDEX('Pro قاعدة الأغذية'!$G$5:$G$604,$S16))) | F16: =IF(OR($S16="",N($C16)=0),"",$C16/100*N(INDEX('Pro قاعدة الأغذية'!$H$5:$H$604,$S16))) | G16: =IF(OR($S16="",N($C16)=0),"",$C16/100*N(INDEX('Pro قاعدة الأغذية'!$I$5:$I$604,$S16))) | H16: =IF(OR($S16="",N($C16)=0),"",$C16/100*N(INDEX('Pro قاعدة الأغذية'!$J$5:$J$604,$S16))) | I16: =IF(OR($S16="",N($C16)=0),"",$C16/100*N(INDEX('Pro قاعدة الأغذية'!$L$5:$L$604,$S16))) | J16: =IF($S16="","",INDEX('Pro قاعدة الأغذية'!$E$5:$E$604,$S16)) | S16: =IF(B16="","",IFERROR(MATCH(B16,'Pro قاعدة الأغذية'!$C$5:$C$604,0),""))
D17: =IF(OR($S17="",N($C17)=0),"",$C17/100*N(INDEX('Pro قاعدة الأغذية'!$F$5:$F$604,$S17))) | E17: =IF(OR($S17="",N($C17)=0),"",$C17/100*N(INDEX('Pro قاعدة الأغذية'!$G$5:$G$604,$S17))) | F17: =IF(OR($S17="",N($C17)=0),"",$C17/100*N(INDEX('Pro قاعدة الأغذية'!$H$5:$H$604,$S17))) | G17: =IF(OR($S17="",N($C17)=0),"",$C17/100*N(INDEX('Pro قاعدة الأغذية'!$I$5:$I$604,$S17))) | H17: =IF(OR($S17="",N($C17)=0),"",$C17/100*N(INDEX('Pro قاعدة الأغذية'!$J$5:$J$604,$S17))) | I17: =IF(OR($S17="",N($C17)=0),"",$C17/100*N(INDEX('Pro قاعدة الأغذية'!$L$5:$L$604,$S17))) | J17: =IF($S17="","",INDEX('Pro قاعدة الأغذية'!$E$5:$E$604,$S17)) | S17: =IF(B17="","",IFERROR(MATCH(B17,'Pro قاعدة الأغذية'!$C$5:$C$604,0),""))
D18: =IF(OR($S18="",N($C18)=0),"",$C18/100*N(INDEX('Pro قاعدة الأغذية'!$F$5:$F$604,$S18))) | E18: =IF(OR($S18="",N($C18)=0),"",$C18/100*N(INDEX('Pro قاعدة الأغذية'!$G$5:$G$604,$S18))) | F18: =IF(OR($S18="",N($C18)=0),"",$C18/100*N(INDEX('Pro قاعدة الأغذية'!$H$5:$H$604,$S18))) | G18: =IF(OR($S18="",N($C18)=0),"",$C18/100*N(INDEX('Pro قاعدة الأغذية'!$I$5:$I$604,$S18))) | H18: =IF(OR($S18="",N($C18)=0),"",$C18/100*N(INDEX('Pro قاعدة الأغذية'!$J$5:$J$604,$S18))) | I18: =IF(OR($S18="",N($C18)=0),"",$C18/100*N(INDEX('Pro قاعدة الأغذية'!$L$5:$L$604,$S18))) | J18: =IF($S18="","",INDEX('Pro قاعدة الأغذية'!$E$5:$E$604,$S18)) | S18: =IF(B18="","",IFERROR(MATCH(B18,'Pro قاعدة الأغذية'!$C$5:$C$604,0),""))
B19: مجموع الوجبة | C19: =SUM(C13:C18) -> 224 | D19: =SUM(D13:D18) -> 400.48 | E19: =SUM(E13:E18) -> 19.7344 | F19: =SUM(F13:F18) -> 77.3 | G19: =SUM(G13:G18) -> 1.626 | H19: =SUM(H13:H18) -> 3.808 | I19: =SUM(I13:I18) -> 572.24 | K19: =IF(AND(('Pro إعدادات'!$C$34="نعم"),IF($T$4=1,'Pro إعدادات'!$G$39,'Pro إعدادات'!$D$39)>0),'Pro ملف الرياضي'!$H$23*IF($T$4=1,'Pro إعدادات'!$G$34,'Pro إعدادات'!$D$34)/IF($T$4=1,'Pro إعدادات'!$G$39,'Pro إعدادات'!$D$39),0) -> 14.4 | L19: =IF(AND(('Pro إعدادات'!$C$34="نعم"),IF($T$4=1,'Pro إعدادات'!$H$39,'Pro إعدادات'!$E$39)>0),'Pro ملف الرياضي'!$I$23*IF($T$4=1,'Pro إعدادات'!$H$34,'Pro إعدادات'!$E$34)/IF($T$4=1,'Pro إعدادات'!$H$39,'Pro إعدادات'!$E$39),0) -> 72 | M19: =IF(AND(('Pro إعدادات'!$C$34="نعم"),IF($T$4=1,'Pro إعدادات'!$I$39,'Pro إعدادات'!$F$39)>0),'Pro ملف الرياضي'!$J$23*IF($T$4=1,'Pro إعدادات'!$I$34,'Pro إعدادات'!$F$34)/IF($T$4=1,'Pro إعدادات'!$I$39,'Pro إعدادات'!$F$39),0) -> 3.6 | N19: =4*K19+4*L19+9*M19 -> 378 | O19: =E19-K19 -> 5.3344 | P19: =F19-L19 -> 5.3 | Q19: =G19-M19 -> -1.974
A20: ='Pro إعدادات'!A35&" ("&'Pro إعدادات'!B35&")" -> الغداء (13:30) | B20: أرز أبيض مطبوخ | C20: 400 | D20: =IF(OR($S20="",N($C20)=0),"",$C20/100*N(INDEX('Pro قاعدة الأغذية'!$F$5:$F$604,$S20))) -> 520 | E20: =IF(OR($S20="",N($C20)=0),"",$C20/100*N(INDEX('Pro قاعدة الأغذية'!$G$5:$G$604,$S20))) -> 10.76 | F20: =IF(OR($S20="",N($C20)=0),"",$C20/100*N(INDEX('Pro قاعدة الأغذية'!$H$5:$H$604,$S20))) -> 112.8 | G20: =IF(OR($S20="",N($C20)=0),"",$C20/100*N(INDEX('Pro قاعدة الأغذية'!$I$5:$I$604,$S20))) -> 1.12 | H20: =IF(OR($S20="",N($C20)=0),"",$C20/100*N(INDEX('Pro قاعدة الأغذية'!$J$5:$J$604,$S20))) -> 1.6 | I20: =IF(OR($S20="",N($C20)=0),"",$C20/100*N(INDEX('Pro قاعدة الأغذية'!$L$5:$L$604,$S20))) -> 4 | J20: =IF($S20="","",INDEX('Pro قاعدة الأغذية'!$E$5:$E$604,$S20)) -> مطبوخ | S20: =IF(B20="","",IFERROR(MATCH(B20,'Pro قاعدة الأغذية'!$C$5:$C$604,0),"")) -> 1
B21: صدر دجاج بلا جلد مشوي | C21: 100 | D21: =IF(OR($S21="",N($C21)=0),"",$C21/100*N(INDEX('Pro قاعدة الأغذية'!$F$5:$F$604,$S21))) -> 165 | E21: =IF(OR($S21="",N($C21)=0),"",$C21/100*N(INDEX('Pro قاعدة الأغذية'!$G$5:$G$604,$S21))) -> 31 | F21: =IF(OR($S21="",N($C21)=0),"",$C21/100*N(INDEX('Pro قاعدة الأغذية'!$H$5:$H$604,$S21))) -> 0 | G21: =IF(OR($S21="",N($C21)=0),"",$C21/100*N(INDEX('Pro قاعدة الأغذية'!$I$5:$I$604,$S21))) -> 3.57 | H21: =IF(OR($S21="",N($C21)=0),"",$C21/100*N(INDEX('Pro قاعدة الأغذية'!$J$5:$J$604,$S21))) -> 0 | I21: =IF(OR($S21="",N($C21)=0),"",$C21/100*N(INDEX('Pro قاعدة الأغذية'!$L$5:$L$604,$S21))) -> 74 | J21: =IF($S21="","",INDEX('Pro قاعدة الأغذية'!$E$5:$E$604,$S21)) -> مطبوخ | S21: =IF(B21="","",IFERROR(MATCH(B21,'Pro قاعدة الأغذية'!$C$5:$C$604,0),"")) -> 35
B22: بروكلي مسلوق | C22: 100 | D22: =IF(OR($S22="",N($C22)=0),"",$C22/100*N(INDEX('Pro قاعدة الأغذية'!$F$5:$F$604,$S22))) -> 35 | E22: =IF(OR($S22="",N($C22)=0),"",$C22/100*N(INDEX('Pro قاعدة الأغذية'!$G$5:$G$604,$S22))) -> 2.38 | F22: =IF(OR($S22="",N($C22)=0),"",$C22/100*N(INDEX('Pro قاعدة الأغذية'!$H$5:$H$604,$S22))) -> 7.18 | G22: =IF(OR($S22="",N($C22)=0),"",$C22/100*N(INDEX('Pro قاعدة الأغذية'!$I$5:$I$604,$S22))) -> 0.41 | H22: =IF(OR($S22="",N($C22)=0),"",$C22/100*N(INDEX('Pro قاعدة الأغذية'!$J$5:$J$604,$S22))) -> 3.3 | I22: =IF(OR($S22="",N($C22)=0),"",$C22/100*N(INDEX('Pro قاعدة الأغذية'!$L$5:$L$604,$S22))) -> 41 | J22: =IF($S22="","",INDEX('Pro قاعدة الأغذية'!$E$5:$E$604,$S22)) -> مطبوخ | S22: =IF(B22="","",IFERROR(MATCH(B22,'Pro قاعدة الأغذية'!$C$5:$C$604,0),"")) -> 107
B23: زيت زيتون | C23: 15 | D23: =IF(OR($S23="",N($C23)=0),"",$C23/100*N(INDEX('Pro قاعدة الأغذية'!$F$5:$F$604,$S23))) -> 132.6 | E23: =IF(OR($S23="",N($C23)=0),"",$C23/100*N(INDEX('Pro قاعدة الأغذية'!$G$5:$G$604,$S23))) -> 0 | F23: =IF(OR($S23="",N($C23)=0),"",$C23/100*N(INDEX('Pro قاعدة الأغذية'!$H$5:$H$604,$S23))) -> 0 | G23: =IF(OR($S23="",N($C23)=0),"",$C23/100*N(INDEX('Pro قاعدة الأغذية'!$I$5:$I$604,$S23))) -> 15 | H23: =IF(OR($S23="",N($C23)=0),"",$C23/100*N(INDEX('Pro قاعدة الأغذية'!$J$5:$J$604,$S23))) -> 0 | I23: =IF(OR($S23="",N($C23)=0),"",$C23/100*N(INDEX('Pro قاعدة الأغذية'!$L$5:$L$604,$S23))) -> 0.3 | J23: =IF($S23="","",INDEX('Pro قاعدة الأغذية'!$E$5:$E$604,$S23)) -> غير محدد | S23: =IF(B23="","",IFERROR(MATCH(B23,'Pro قاعدة الأغذية'!$C$5:$C$604,0),"")) -> 63
D24: =IF(OR($S24="",N($C24)=0),"",$C24/100*N(INDEX('Pro قاعدة الأغذية'!$F$5:$F$604,$S24))) | E24: =IF(OR($S24="",N($C24)=0),"",$C24/100*N(INDEX('Pro قاعدة الأغذية'!$G$5:$G$604,$S24))) | F24: =IF(OR($S24="",N($C24)=0),"",$C24/100*N(INDEX('Pro قاعدة الأغذية'!$H$5:$H$604,$S24))) | G24: =IF(OR($S24="",N($C24)=0),"",$C24/100*N(INDEX('Pro قاعدة الأغذية'!$I$5:$I$604,$S24))) | H24: =IF(OR($S24="",N($C24)=0),"",$C24/100*N(INDEX('Pro قاعدة الأغذية'!$J$5:$J$604,$S24))) | I24: =IF(OR($S24="",N($C24)=0),"",$C24/100*N(INDEX('Pro قاعدة الأغذية'!$L$5:$L$604,$S24))) | J24: =IF($S24="","",INDEX('Pro قاعدة الأغذية'!$E$5:$E$604,$S24)) | S24: =IF(B24="","",IFERROR(MATCH(B24,'Pro قاعدة الأغذية'!$C$5:$C$604,0),""))
D25: =IF(OR($S25="",N($C25)=0),"",$C25/100*N(INDEX('Pro قاعدة الأغذية'!$F$5:$F$604,$S25))) | E25: =IF(OR($S25="",N($C25)=0),"",$C25/100*N(INDEX('Pro قاعدة الأغذية'!$G$5:$G$604,$S25))) | F25: =IF(OR($S25="",N($C25)=0),"",$C25/100*N(INDEX('Pro قاعدة الأغذية'!$H$5:$H$604,$S25))) | G25: =IF(OR($S25="",N($C25)=0),"",$C25/100*N(INDEX('Pro قاعدة الأغذية'!$I$5:$I$604,$S25))) | H25: =IF(OR($S25="",N($C25)=0),"",$C25/100*N(INDEX('Pro قاعدة الأغذية'!$J$5:$J$604,$S25))) | I25: =IF(OR($S25="",N($C25)=0),"",$C25/100*N(INDEX('Pro قاعدة الأغذية'!$L$5:$L$604,$S25))) | J25: =IF($S25="","",INDEX('Pro قاعدة الأغذية'!$E$5:$E$604,$S25)) | S25: =IF(B25="","",IFERROR(MATCH(B25,'Pro قاعدة الأغذية'!$C$5:$C$604,0),""))
B26: مجموع الوجبة | C26: =SUM(C20:C25) -> 615 | D26: =SUM(D20:D25) -> 852.6 | E26: =SUM(E20:E25) -> 44.14 | F26: =SUM(F20:F25) -> 119.98 | G26: =SUM(G20:G25) -> 20.1 | H26: =SUM(H20:H25) -> 4.9 | I26: =SUM(I20:I25) -> 119.3 | K26: =IF(AND(('Pro إعدادات'!$C$35="نعم"),IF($T$4=1,'Pro إعدادات'!$G$39,'Pro إعدادات'!$D$39)>0),'Pro ملف الرياضي'!$H$23*IF($T$4=1,'Pro إعدادات'!$G$35,'Pro إعدادات'!$D$35)/IF($T$4=1,'Pro إعدادات'!$G$39,'Pro إعدادات'!$D$39),0) -> 36 | L26: =IF(AND(('Pro إعدادات'!$C$35="نعم"),IF($T$4=1,'Pro إعدادات'!$H$39,'Pro إعدادات'!$E$39)>0),'Pro ملف الرياضي'!$I$23*IF($T$4=1,'Pro إعدادات'!$H$35,'Pro إعدادات'!$E$35)/IF($T$4=1,'Pro إعدادات'!$H$39,'Pro إعدادات'!$E$39),0) -> 120 | M26: =IF(AND(('Pro إعدادات'!$C$35="نعم"),IF($T$4=1,'Pro إعدادات'!$I$39,'Pro إعدادات'!$F$39)>0),'Pro ملف الرياضي'!$J$23*IF($T$4=1,'Pro إعدادات'!$I$35,'Pro إعدادات'!$F$35)/IF($T$4=1,'Pro إعدادات'!$I$39,'Pro إعدادات'!$F$39),0) -> 21.6 | N26: =4*K26+4*L26+9*M26 -> 818.4 | O26: =E26-K26 -> 8.14 | P26: =F26-L26 -> -0.02 | Q26: =G26-M26 -> -1.5
A27: ='Pro إعدادات'!A36&" ("&'Pro إعدادات'!B36&")" -> سناك 2 / بعد التدريب (16:30) | B27: بروتين مصل اللبن (بودرة) | C27: 35 | D27: =IF(OR($S27="",N($C27)=0),"",$C27/100*N(INDEX('Pro قاعدة الأغذية'!$F$5:$F$604,$S27))) -> 123.2 | E27: =IF(OR($S27="",N($C27)=0),"",$C27/100*N(INDEX('Pro قاعدة الأغذية'!$G$5:$G$604,$S27))) -> 27.335 | F27: =IF(OR($S27="",N($C27)=0),"",$C27/100*N(INDEX('Pro قاعدة الأغذية'!$H$5:$H$604,$S27))) -> 2.1875 | G27: =IF(OR($S27="",N($C27)=0),"",$C27/100*N(INDEX('Pro قاعدة الأغذية'!$I$5:$I$604,$S27))) -> 0.546 | H27: =IF(OR($S27="",N($C27)=0),"",$C27/100*N(INDEX('Pro قاعدة الأغذية'!$J$5:$J$604,$S27))) -> 1.085 | I27: =IF(OR($S27="",N($C27)=0),"",$C27/100*N(INDEX('Pro قاعدة الأغذية'!$L$5:$L$604,$S27))) -> 54.6 | J27: =IF($S27="","",INDEX('Pro قاعدة الأغذية'!$E$5:$E$604,$S27)) -> غير محدد | S27: =IF(B27="","",IFERROR(MATCH(B27,'Pro قاعدة الأغذية'!$C$5:$C$604,0),"")) -> 52
B28: موز | C28: 120 | D28: =IF(OR($S28="",N($C28)=0),"",$C28/100*N(INDEX('Pro قاعدة الأغذية'!$F$5:$F$604,$S28))) -> 106.8 | E28: =IF(OR($S28="",N($C28)=0),"",$C28/100*N(INDEX('Pro قاعدة الأغذية'!$G$5:$G$604,$S28))) -> 1.308 | F28: =IF(OR($S28="",N($C28)=0),"",$C28/100*N(INDEX('Pro قاعدة الأغذية'!$H$5:$H$604,$S28))) -> 27.36 | G28: =IF(OR($S28="",N($C28)=0),"",$C28/100*N(INDEX('Pro قاعدة الأغذية'!$I$5:$I$604,$S28))) -> 0.396 | H28: =IF(OR($S28="",N($C28)=0),"",$C28/100*N(INDEX('Pro قاعدة الأغذية'!$J$5:$J$604,$S28))) -> 3.12 | I28: =IF(OR($S28="",N($C28)=0),"",$C28/100*N(INDEX('Pro قاعدة الأغذية'!$L$5:$L$604,$S28))) -> 1.2 | J28: =IF($S28="","",INDEX('Pro قاعدة الأغذية'!$E$5:$E$604,$S28)) -> نيء | S28: =IF(B28="","",IFERROR(MATCH(B28,'Pro قاعدة الأغذية'!$C$5:$C$604,0),"")) -> 78
B29: تمر مجدول | C29: 90 | D29: =IF(OR($S29="",N($C29)=0),"",$C29/100*N(INDEX('Pro قاعدة الأغذية'!$F$5:$F$604,$S29))) -> 249.3 | E29: =IF(OR($S29="",N($C29)=0),"",$C29/100*N(INDEX('Pro قاعدة الأغذية'!$G$5:$G$604,$S29))) -> 1.629 | F29: =IF(OR($S29="",N($C29)=0),"",$C29/100*N(INDEX('Pro قاعدة الأغذية'!$H$5:$H$604,$S29))) -> 67.5 | G29: =IF(OR($S29="",N($C29)=0),"",$C29/100*N(INDEX('Pro قاعدة الأغذية'!$I$5:$I$604,$S29))) -> 0.135 | H29: =IF(OR($S29="",N($C29)=0),"",$C29/100*N(INDEX('Pro قاعدة الأغذية'!$J$5:$J$604,$S29))) -> 6.03 | I29: =IF(OR($S29="",N($C29)=0),"",$C29/100*N(INDEX('Pro قاعدة الأغذية'!$L$5:$L$604,$S29))) -> 0.9 | J29: =IF($S29="","",INDEX('Pro قاعدة الأغذية'!$E$5:$E$604,$S29)) -> غير محدد | S29: =IF(B29="","",IFERROR(MATCH(B29,'Pro قاعدة الأغذية'!$C$5:$C$604,0),"")) -> 81
D30: =IF(OR($S30="",N($C30)=0),"",$C30/100*N(INDEX('Pro قاعدة الأغذية'!$F$5:$F$604,$S30))) | E30: =IF(OR($S30="",N($C30)=0),"",$C30/100*N(INDEX('Pro قاعدة الأغذية'!$G$5:$G$604,$S30))) | F30: =IF(OR($S30="",N($C30)=0),"",$C30/100*N(INDEX('Pro قاعدة الأغذية'!$H$5:$H$604,$S30))) | G30: =IF(OR($S30="",N($C30)=0),"",$C30/100*N(INDEX('Pro قاعدة الأغذية'!$I$5:$I$604,$S30))) | H30: =IF(OR($S30="",N($C30)=0),"",$C30/100*N(INDEX('Pro قاعدة الأغذية'!$J$5:$J$604,$S30))) | I30: =IF(OR($S30="",N($C30)=0),"",$C30/100*N(INDEX('Pro قاعدة الأغذية'!$L$5:$L$604,$S30))) | J30: =IF($S30="","",INDEX('Pro قاعدة الأغذية'!$E$5:$E$604,$S30)) | S30: =IF(B30="","",IFERROR(MATCH(B30,'Pro قاعدة الأغذية'!$C$5:$C$604,0),""))
D31: =IF(OR($S31="",N($C31)=0),"",$C31/100*N(INDEX('Pro قاعدة الأغذية'!$F$5:$F$604,$S31))) | E31: =IF(OR($S31="",N($C31)=0),"",$C31/100*N(INDEX('Pro قاعدة الأغذية'!$G$5:$G$604,$S31))) | F31: =IF(OR($S31="",N($C31)=0),"",$C31/100*N(INDEX('Pro قاعدة الأغذية'!$H$5:$H$604,$S31))) | G31: =IF(OR($S31="",N($C31)=0),"",$C31/100*N(INDEX('Pro قاعدة الأغذية'!$I$5:$I$604,$S31))) | H31: =IF(OR($S31="",N($C31)=0),"",$C31/100*N(INDEX('Pro قاعدة الأغذية'!$J$5:$J$604,$S31))) | I31: =IF(OR($S31="",N($C31)=0),"",$C31/100*N(INDEX('Pro قاعدة الأغذية'!$L$5:$L$604,$S31))) | J31: =IF($S31="","",INDEX('Pro قاعدة الأغذية'!$E$5:$E$604,$S31)) | S31: =IF(B31="","",IFERROR(MATCH(B31,'Pro قاعدة الأغذية'!$C$5:$C$604,0),""))
D32: =IF(OR($S32="",N($C32)=0),"",$C32/100*N(INDEX('Pro قاعدة الأغذية'!$F$5:$F$604,$S32))) | E32: =IF(OR($S32="",N($C32)=0),"",$C32/100*N(INDEX('Pro قاعدة الأغذية'!$G$5:$G$604,$S32))) | F32: =IF(OR($S32="",N($C32)=0),"",$C32/100*N(INDEX('Pro قاعدة الأغذية'!$H$5:$H$604,$S32))) | G32: =IF(OR($S32="",N($C32)=0),"",$C32/100*N(INDEX('Pro قاعدة الأغذية'!$I$5:$I$604,$S32))) | H32: =IF(OR($S32="",N($C32)=0),"",$C32/100*N(INDEX('Pro قاعدة الأغذية'!$J$5:$J$604,$S32))) | I32: =IF(OR($S32="",N($C32)=0),"",$C32/100*N(INDEX('Pro قاعدة الأغذية'!$L$5:$L$604,$S32))) | J32: =IF($S32="","",INDEX('Pro قاعدة الأغذية'!$E$5:$E$604,$S32)) | S32: =IF(B32="","",IFERROR(MATCH(B32,'Pro قاعدة الأغذية'!$C$5:$C$604,0),""))
B33: مجموع الوجبة | C33: =SUM(C27:C32) -> 245 | D33: =SUM(D27:D32) -> 479.3 | E33: =SUM(E27:E32) -> 30.272 | F33: =SUM(F27:F32) -> 97.0475 | G33: =SUM(G27:G32) -> 1.077 | H33: =SUM(H27:H32) -> 10.235 | I33: =SUM(I27:I32) -> 56.7 | K33: =IF(AND(('Pro إعدادات'!$C$36="نعم"),IF($T$4=1,'Pro إعدادات'!$G$39,'Pro إعدادات'!$D$39)>0),'Pro ملف الرياضي'!$H$23*IF($T$4=1,'Pro إعدادات'!$G$36,'Pro إعدادات'!$D$36)/IF($T$4=1,'Pro إعدادات'!$G$39,'Pro إعدادات'!$D$39),0) -> 28.8 | L33: =IF(AND(('Pro إعدادات'!$C$36="نعم"),IF($T$4=1,'Pro إعدادات'!$H$39,'Pro إعدادات'!$E$39)>0),'Pro ملف الرياضي'!$I$23*IF($T$4=1,'Pro إعدادات'!$H$36,'Pro إعدادات'!$E$36)/IF($T$4=1,'Pro إعدادات'!$H$39,'Pro إعدادات'!$E$39),0) -> 120 | M33: =IF(AND(('Pro إعدادات'!$C$36="نعم"),IF($T$4=1,'Pro إعدادات'!$I$39,'Pro إعدادات'!$F$39)>0),'Pro ملف الرياضي'!$J$23*IF($T$4=1,'Pro إعدادات'!$I$36,'Pro إعدادات'!$F$36)/IF($T$4=1,'Pro إعدادات'!$I$39,'Pro إعدادات'!$F$39),0) -> 7.2 | N33: =4*K33+4*L33+9*M33 -> 660 | O33: =E33-K33 -> 1.472 | P33: =F33-L33 -> -22.9525 | Q33: =G33-M33 -> -6.123
A34: ='Pro إعدادات'!A37&" ("&'Pro إعدادات'!B37&")" -> العشاء (20:00) | B34: بطاطا حلوة مشوية | C34: 300 | D34: =IF(OR($S34="",N($C34)=0),"",$C34/100*N(INDEX('Pro قاعدة الأغذية'!$F$5:$F$604,$S34))) -> 270 | E34: =IF(OR($S34="",N($C34)=0),"",$C34/100*N(INDEX('Pro قاعدة الأغذية'!$G$5:$G$604,$S34))) -> 6.03 | F34: =IF(OR($S34="",N($C34)=0),"",$C34/100*N(INDEX('Pro قاعدة الأغذية'!$H$5:$H$604,$S34))) -> 62.1 | G34: =IF(OR($S34="",N($C34)=0),"",$C34/100*N(INDEX('Pro قاعدة الأغذية'!$I$5:$I$604,$S34))) -> 0.45 | H34: =IF(OR($S34="",N($C34)=0),"",$C34/100*N(INDEX('Pro قاعدة الأغذية'!$J$5:$J$604,$S34))) -> 9.9 | I34: =IF(OR($S34="",N($C34)=0),"",$C34/100*N(INDEX('Pro قاعدة الأغذية'!$L$5:$L$604,$S34))) -> 108 | J34: =IF($S34="","",INDEX('Pro قاعدة الأغذية'!$E$5:$E$604,$S34)) -> مطبوخ | S34: =IF(B34="","",IFERROR(MATCH(B34,'Pro قاعدة الأغذية'!$C$5:$C$604,0),"")) -> 21
B35: سلمون أطلسي (مزارع) مطبوخ | C35: 120 | D35: =IF(OR($S35="",N($C35)=0),"",$C35/100*N(INDEX('Pro قاعدة الأغذية'!$F$5:$F$604,$S35))) -> 247.2 | E35: =IF(OR($S35="",N($C35)=0),"",$C35/100*N(INDEX('Pro قاعدة الأغذية'!$G$5:$G$604,$S35))) -> 26.52 | F35: =IF(OR($S35="",N($C35)=0),"",$C35/100*N(INDEX('Pro قاعدة الأغذية'!$H$5:$H$604,$S35))) -> 0 | G35: =IF(OR($S35="",N($C35)=0),"",$C35/100*N(INDEX('Pro قاعدة الأغذية'!$I$5:$I$604,$S35))) -> 14.88 | H35: =IF(OR($S35="",N($C35)=0),"",$C35/100*N(INDEX('Pro قاعدة الأغذية'!$J$5:$J$604,$S35))) -> 0 | I35: =IF(OR($S35="",N($C35)=0),"",$C35/100*N(INDEX('Pro قاعدة الأغذية'!$L$5:$L$604,$S35))) -> 73.2 | J35: =IF($S35="","",INDEX('Pro قاعدة الأغذية'!$E$5:$E$604,$S35)) -> مطبوخ | S35: =IF(B35="","",IFERROR(MATCH(B35,'Pro قاعدة الأغذية'!$C$5:$C$604,0),"")) -> 47
B36: خس روماني | C36: 80 | D36: =IF(OR($S36="",N($C36)=0),"",$C36/100*N(INDEX('Pro قاعدة الأغذية'!$F$5:$F$604,$S36))) -> 13.6 | E36: =IF(OR($S36="",N($C36)=0),"",$C36/100*N(INDEX('Pro قاعدة الأغذية'!$G$5:$G$604,$S36))) -> 0.984 | F36: =IF(OR($S36="",N($C36)=0),"",$C36/100*N(INDEX('Pro قاعدة الأغذية'!$H$5:$H$604,$S36))) -> 2.632 | G36: =IF(OR($S36="",N($C36)=0),"",$C36/100*N(INDEX('Pro قاعدة الأغذية'!$I$5:$I$604,$S36))) -> 0.24 | H36: =IF(OR($S36="",N($C36)=0),"",$C36/100*N(INDEX('Pro قاعدة الأغذية'!$J$5:$J$604,$S36))) -> 1.68 | I36: =IF(OR($S36="",N($C36)=0),"",$C36/100*N(INDEX('Pro قاعدة الأغذية'!$L$5:$L$604,$S36))) -> 6.4 | J36: =IF($S36="","",INDEX('Pro قاعدة الأغذية'!$E$5:$E$604,$S36)) -> نيء | S36: =IF(B36="","",IFERROR(MATCH(B36,'Pro قاعدة الأغذية'!$C$5:$C$604,0),"")) -> 102
B37: زيت زيتون | C37: 10 | D37: =IF(OR($S37="",N($C37)=0),"",$C37/100*N(INDEX('Pro قاعدة الأغذية'!$F$5:$F$604,$S37))) -> 88.4 | E37: =IF(OR($S37="",N($C37)=0),"",$C37/100*N(INDEX('Pro قاعدة الأغذية'!$G$5:$G$604,$S37))) -> 0 | F37: =IF(OR($S37="",N($C37)=0),"",$C37/100*N(INDEX('Pro قاعدة الأغذية'!$H$5:$H$604,$S37))) -> 0 | G37: =IF(OR($S37="",N($C37)=0),"",$C37/100*N(INDEX('Pro قاعدة الأغذية'!$I$5:$I$604,$S37))) -> 10 | H37: =IF(OR($S37="",N($C37)=0),"",$C37/100*N(INDEX('Pro قاعدة الأغذية'!$J$5:$J$604,$S37))) -> 0 | I37: =IF(OR($S37="",N($C37)=0),"",$C37/100*N(INDEX('Pro قاعدة الأغذية'!$L$5:$L$604,$S37))) -> 0.2 | J37: =IF($S37="","",INDEX('Pro قاعدة الأغذية'!$E$5:$E$604,$S37)) -> غير محدد | S37: =IF(B37="","",IFERROR(MATCH(B37,'Pro قاعدة الأغذية'!$C$5:$C$604,0),"")) -> 63
D38: =IF(OR($S38="",N($C38)=0),"",$C38/100*N(INDEX('Pro قاعدة الأغذية'!$F$5:$F$604,$S38))) | E38: =IF(OR($S38="",N($C38)=0),"",$C38/100*N(INDEX('Pro قاعدة الأغذية'!$G$5:$G$604,$S38))) | F38: =IF(OR($S38="",N($C38)=0),"",$C38/100*N(INDEX('Pro قاعدة الأغذية'!$H$5:$H$604,$S38))) | G38: =IF(OR($S38="",N($C38)=0),"",$C38/100*N(INDEX('Pro قاعدة الأغذية'!$I$5:$I$604,$S38))) | H38: =IF(OR($S38="",N($C38)=0),"",$C38/100*N(INDEX('Pro قاعدة الأغذية'!$J$5:$J$604,$S38))) | I38: =IF(OR($S38="",N($C38)=0),"",$C38/100*N(INDEX('Pro قاعدة الأغذية'!$L$5:$L$604,$S38))) | J38: =IF($S38="","",INDEX('Pro قاعدة الأغذية'!$E$5:$E$604,$S38)) | S38: =IF(B38="","",IFERROR(MATCH(B38,'Pro قاعدة الأغذية'!$C$5:$C$604,0),""))
D39: =IF(OR($S39="",N($C39)=0),"",$C39/100*N(INDEX('Pro قاعدة الأغذية'!$F$5:$F$604,$S39))) | E39: =IF(OR($S39="",N($C39)=0),"",$C39/100*N(INDEX('Pro قاعدة الأغذية'!$G$5:$G$604,$S39))) | F39: =IF(OR($S39="",N($C39)=0),"",$C39/100*N(INDEX('Pro قاعدة الأغذية'!$H$5:$H$604,$S39))) | G39: =IF(OR($S39="",N($C39)=0),"",$C39/100*N(INDEX('Pro قاعدة الأغذية'!$I$5:$I$604,$S39))) | H39: =IF(OR($S39="",N($C39)=0),"",$C39/100*N(INDEX('Pro قاعدة الأغذية'!$J$5:$J$604,$S39))) | I39: =IF(OR($S39="",N($C39)=0),"",$C39/100*N(INDEX('Pro قاعدة الأغذية'!$L$5:$L$604,$S39))) | J39: =IF($S39="","",INDEX('Pro قاعدة الأغذية'!$E$5:$E$604,$S39)) | S39: =IF(B39="","",IFERROR(MATCH(B39,'Pro قاعدة الأغذية'!$C$5:$C$604,0),""))
B40: مجموع الوجبة | C40: =SUM(C34:C39) -> 510 | D40: =SUM(D34:D39) -> 619.2 | E40: =SUM(E34:E39) -> 33.534 | F40: =SUM(F34:F39) -> 64.732 | G40: =SUM(G34:G39) -> 25.57 | H40: =SUM(H34:H39) -> 11.58 | I40: =SUM(I34:I39) -> 187.8 | K40: =IF(AND(('Pro إعدادات'!$C$37="نعم"),IF($T$4=1,'Pro إعدادات'!$G$39,'Pro إعدادات'!$D$39)>0),'Pro ملف الرياضي'!$H$23*IF($T$4=1,'Pro إعدادات'!$G$37,'Pro إعدادات'!$D$37)/IF($T$4=1,'Pro إعدادات'!$G$39,'Pro إعدادات'!$D$39),0) -> 36 | L40: =IF(AND(('Pro إعدادات'!$C$37="نعم"),IF($T$4=1,'Pro إعدادات'!$H$39,'Pro إعدادات'!$E$39)>0),'Pro ملف الرياضي'!$I$23*IF($T$4=1,'Pro إعدادات'!$H$37,'Pro إعدادات'!$E$37)/IF($T$4=1,'Pro إعدادات'!$H$39,'Pro إعدادات'!$E$39),0) -> 72 | M40: =IF(AND(('Pro إعدادات'!$C$37="نعم"),IF($T$4=1,'Pro إعدادات'!$I$39,'Pro إعدادات'!$F$39)>0),'Pro ملف الرياضي'!$J$23*IF($T$4=1,'Pro إعدادات'!$I$37,'Pro إعدادات'!$F$37)/IF($T$4=1,'Pro إعدادات'!$I$39,'Pro إعدادات'!$F$39),0) -> 21.6 | N40: =4*K40+4*L40+9*M40 -> 626.4 | O40: =E40-K40 -> -2.466 | P40: =F40-L40 -> -7.268 | Q40: =G40-M40 -> 3.97
A41: ='Pro إعدادات'!A38&" ("&'Pro إعدادات'!B38&")" -> وجبة ليلية (22:30) | D41: =IF(OR($S41="",N($C41)=0),"",$C41/100*N(INDEX('Pro قاعدة الأغذية'!$F$5:$F$604,$S41))) | E41: =IF(OR($S41="",N($C41)=0),"",$C41/100*N(INDEX('Pro قاعدة الأغذية'!$G$5:$G$604,$S41))) | F41: =IF(OR($S41="",N($C41)=0),"",$C41/100*N(INDEX('Pro قاعدة الأغذية'!$H$5:$H$604,$S41))) | G41: =IF(OR($S41="",N($C41)=0),"",$C41/100*N(INDEX('Pro قاعدة الأغذية'!$I$5:$I$604,$S41))) | H41: =IF(OR($S41="",N($C41)=0),"",$C41/100*N(INDEX('Pro قاعدة الأغذية'!$J$5:$J$604,$S41))) | I41: =IF(OR($S41="",N($C41)=0),"",$C41/100*N(INDEX('Pro قاعدة الأغذية'!$L$5:$L$604,$S41))) | J41: =IF($S41="","",INDEX('Pro قاعدة الأغذية'!$E$5:$E$604,$S41)) | S41: =IF(B41="","",IFERROR(MATCH(B41,'Pro قاعدة الأغذية'!$C$5:$C$604,0),""))
D42: =IF(OR($S42="",N($C42)=0),"",$C42/100*N(INDEX('Pro قاعدة الأغذية'!$F$5:$F$604,$S42))) | E42: =IF(OR($S42="",N($C42)=0),"",$C42/100*N(INDEX('Pro قاعدة الأغذية'!$G$5:$G$604,$S42))) | F42: =IF(OR($S42="",N($C42)=0),"",$C42/100*N(INDEX('Pro قاعدة الأغذية'!$H$5:$H$604,$S42))) | G42: =IF(OR($S42="",N($C42)=0),"",$C42/100*N(INDEX('Pro قاعدة الأغذية'!$I$5:$I$604,$S42))) | H42: =IF(OR($S42="",N($C42)=0),"",$C42/100*N(INDEX('Pro قاعدة الأغذية'!$J$5:$J$604,$S42))) | I42: =IF(OR($S42="",N($C42)=0),"",$C42/100*N(INDEX('Pro قاعدة الأغذية'!$L$5:$L$604,$S42))) | J42: =IF($S42="","",INDEX('Pro قاعدة الأغذية'!$E$5:$E$604,$S42)) | S42: =IF(B42="","",IFERROR(MATCH(B42,'Pro قاعدة الأغذية'!$C$5:$C$604,0),""))
D43: =IF(OR($S43="",N($C43)=0),"",$C43/100*N(INDEX('Pro قاعدة الأغذية'!$F$5:$F$604,$S43))) | E43: =IF(OR($S43="",N($C43)=0),"",$C43/100*N(INDEX('Pro قاعدة الأغذية'!$G$5:$G$604,$S43))) | F43: =IF(OR($S43="",N($C43)=0),"",$C43/100*N(INDEX('Pro قاعدة الأغذية'!$H$5:$H$604,$S43))) | G43: =IF(OR($S43="",N($C43)=0),"",$C43/100*N(INDEX('Pro قاعدة الأغذية'!$I$5:$I$604,$S43))) | H43: =IF(OR($S43="",N($C43)=0),"",$C43/100*N(INDEX('Pro قاعدة الأغذية'!$J$5:$J$604,$S43))) | I43: =IF(OR($S43="",N($C43)=0),"",$C43/100*N(INDEX('Pro قاعدة الأغذية'!$L$5:$L$604,$S43))) | J43: =IF($S43="","",INDEX('Pro قاعدة الأغذية'!$E$5:$E$604,$S43)) | S43: =IF(B43="","",IFERROR(MATCH(B43,'Pro قاعدة الأغذية'!$C$5:$C$604,0),""))
D44: =IF(OR($S44="",N($C44)=0),"",$C44/100*N(INDEX('Pro قاعدة الأغذية'!$F$5:$F$604,$S44))) | E44: =IF(OR($S44="",N($C44)=0),"",$C44/100*N(INDEX('Pro قاعدة الأغذية'!$G$5:$G$604,$S44))) | F44: =IF(OR($S44="",N($C44)=0),"",$C44/100*N(INDEX('Pro قاعدة الأغذية'!$H$5:$H$604,$S44))) | G44: =IF(OR($S44="",N($C44)=0),"",$C44/100*N(INDEX('Pro قاعدة الأغذية'!$I$5:$I$604,$S44))) | H44: =IF(OR($S44="",N($C44)=0),"",$C44/100*N(INDEX('Pro قاعدة الأغذية'!$J$5:$J$604,$S44))) | I44: =IF(OR($S44="",N($C44)=0),"",$C44/100*N(INDEX('Pro قاعدة الأغذية'!$L$5:$L$604,$S44))) | J44: =IF($S44="","",INDEX('Pro قاعدة الأغذية'!$E$5:$E$604,$S44)) | S44: =IF(B44="","",IFERROR(MATCH(B44,'Pro قاعدة الأغذية'!$C$5:$C$604,0),""))
D45: =IF(OR($S45="",N($C45)=0),"",$C45/100*N(INDEX('Pro قاعدة الأغذية'!$F$5:$F$604,$S45))) | E45: =IF(OR($S45="",N($C45)=0),"",$C45/100*N(INDEX('Pro قاعدة الأغذية'!$G$5:$G$604,$S45))) | F45: =IF(OR($S45="",N($C45)=0),"",$C45/100*N(INDEX('Pro قاعدة الأغذية'!$H$5:$H$604,$S45))) | G45: =IF(OR($S45="",N($C45)=0),"",$C45/100*N(INDEX('Pro قاعدة الأغذية'!$I$5:$I$604,$S45))) | H45: =IF(OR($S45="",N($C45)=0),"",$C45/100*N(INDEX('Pro قاعدة الأغذية'!$J$5:$J$604,$S45))) | I45: =IF(OR($S45="",N($C45)=0),"",$C45/100*N(INDEX('Pro قاعدة الأغذية'!$L$5:$L$604,$S45))) | J45: =IF($S45="","",INDEX('Pro قاعدة الأغذية'!$E$5:$E$604,$S45)) | S45: =IF(B45="","",IFERROR(MATCH(B45,'Pro قاعدة الأغذية'!$C$5:$C$604,0),""))
D46: =IF(OR($S46="",N($C46)=0),"",$C46/100*N(INDEX('Pro قاعدة الأغذية'!$F$5:$F$604,$S46))) | E46: =IF(OR($S46="",N($C46)=0),"",$C46/100*N(INDEX('Pro قاعدة الأغذية'!$G$5:$G$604,$S46))) | F46: =IF(OR($S46="",N($C46)=0),"",$C46/100*N(INDEX('Pro قاعدة الأغذية'!$H$5:$H$604,$S46))) | G46: =IF(OR($S46="",N($C46)=0),"",$C46/100*N(INDEX('Pro قاعدة الأغذية'!$I$5:$I$604,$S46))) | H46: =IF(OR($S46="",N($C46)=0),"",$C46/100*N(INDEX('Pro قاعدة الأغذية'!$J$5:$J$604,$S46))) | I46: =IF(OR($S46="",N($C46)=0),"",$C46/100*N(INDEX('Pro قاعدة الأغذية'!$L$5:$L$604,$S46))) | J46: =IF($S46="","",INDEX('Pro قاعدة الأغذية'!$E$5:$E$604,$S46)) | S46: =IF(B46="","",IFERROR(MATCH(B46,'Pro قاعدة الأغذية'!$C$5:$C$604,0),""))
B47: مجموع الوجبة | C47: =SUM(C41:C46) -> 0 | D47: =SUM(D41:D46) -> 0 | E47: =SUM(E41:E46) -> 0 | F47: =SUM(F41:F46) -> 0 | G47: =SUM(G41:G46) -> 0 | H47: =SUM(H41:H46) -> 0 | I47: =SUM(I41:I46) -> 0 | K47: =IF(AND(('Pro إعدادات'!$C$38="نعم"),IF($T$4=1,'Pro إعدادات'!$G$39,'Pro إعدادات'!$D$39)>0),'Pro ملف الرياضي'!$H$23*IF($T$4=1,'Pro إعدادات'!$G$38,'Pro إعدادات'!$D$38)/IF($T$4=1,'Pro إعدادات'!$G$39,'Pro إعدادات'!$D$39),0) -> 0 | L47: =IF(AND(('Pro إعدادات'!$C$38="نعم"),IF($T$4=1,'Pro إعدادات'!$H$39,'Pro إعدادات'!$E$39)>0),'Pro ملف الرياضي'!$I$23*IF($T$4=1,'Pro إعدادات'!$H$38,'Pro إعدادات'!$E$38)/IF($T$4=1,'Pro إعدادات'!$H$39,'Pro إعدادات'!$E$39),0) -> 0 | M47: =IF(AND(('Pro إعدادات'!$C$38="نعم"),IF($T$4=1,'Pro إعدادات'!$I$39,'Pro إعدادات'!$F$39)>0),'Pro ملف الرياضي'!$J$23*IF($T$4=1,'Pro إعدادات'!$I$38,'Pro إعدادات'!$F$38)/IF($T$4=1,'Pro إعدادات'!$I$39,'Pro إعدادات'!$F$39),0) -> 0 | N47: =4*K47+4*L47+9*M47 -> 0 | O47: =E47-K47 -> 0 | P47: =F47-L47 -> 0 | Q47: =G47-M47 -> 0
B48: مجموع اليوم | C48: =C12+C19+C26+C33+C40+C47 -> 1904 | D48: =D12+D19+D26+D33+D40+D47 -> 2954.48 | E48: =E12+E19+E26+E33+E40+E47 -> 153.4684 | F48: =F12+F19+F26+F33+F40+F47 -> 448.4695 | G48: =G12+G19+G26+G33+G40+G47 -> 65.237 | H48: =H12+H19+H26+H33+H40+H47 -> 42.733 | I48: =I12+I19+I26+I33+I40+I47 -> 1066.64 | K48: =K12+K19+K26+K33+K40+K47 -> 144 | L48: =L12+L19+L26+L33+L40+L47 -> 480 | M48: =M12+M19+M26+M33+M40+M47 -> 72 | N48: =N12+N19+N26+N33+N40+N47 -> 3144
B49: الفرق عن هدف اليوم | D49: =D48-'Pro ملف الرياضي'!G23 -> 118.73 | E49: =E48-'Pro ملف الرياضي'!H23 -> 9.4684 | F49: =F48-'Pro ملف الرياضي'!I23 -> -31.5305 | G49: =G48-'Pro ملف الرياضي'!J23 -> -6.763
B50: الحالة | D50: =IF(AND(ABS(E49)<='Pro إعدادات'!$B$28*2,ABS(F49)<='Pro إعدادات'!$B$28*3,ABS(G49)<='Pro إعدادات'!$B$28*2),"✔ ضمن السماحية","◐ راجع الفروقات") -> ◐ راجع الفروقات
A52: ="الاثنين — "&'Pro ملف الرياضي'!B24&" | الهدف: "&ROUND('Pro ملف الرياضي'!G24,0)&" kcal • بروتين "&ROUND('Pro ملف الرياضي'!H24,0)&" جم • كارب "&ROUND('Pro ملف الرياضي'!I24,0)&" جم • دهون "&ROUND('Pro ملف الرياضي'!J24,0)&" جم" -> الاثنين — تدريب متوسط | الهدف: 2671 kcal • بروتين 144 جم • كارب 400 جم • دهون 72 جم | T52: =IF(INDEX('Pro إعدادات'!$D$14:$D$19,MATCH('Pro ملف الرياضي'!B24,'Pro إعدادات'!$A$14:$A$19,0))="نعم",1,0) -> 1
A53: الوجبة | B53: الصنف | C53: جرام | D53: kcal | E53: بروتين g | F53: كارب g | G53: دهون g | H53: ألياف g | I53: صوديوم mg | J53: الحالة | K53: هدف بروتين | L53: هدف كارب | M53: هدف دهون | N53: هدف kcal | O53: فرق بروتين | P53: فرق كارب | Q53: فرق دهون
A54: ='Pro إعدادات'!A33&" ("&'Pro إعدادات'!B33&")" -> الإفطار (07:30) | D54: =IF(OR($S54="",N($C54)=0),"",$C54/100*N(INDEX('Pro قاعدة الأغذية'!$F$5:$F$604,$S54))) | E54: =IF(OR($S54="",N($C54)=0),"",$C54/100*N(INDEX('Pro قاعدة الأغذية'!$G$5:$G$604,$S54))) | F54: =IF(OR($S54="",N($C54)=0),"",$C54/100*N(INDEX('Pro قاعدة الأغذية'!$H$5:$H$604,$S54))) | G54: =IF(OR($S54="",N($C54)=0),"",$C54/100*N(INDEX('Pro قاعدة الأغذية'!$I$5:$I$604,$S54))) | H54: =IF(OR($S54="",N($C54)=0),"",$C54/100*N(INDEX('Pro قاعدة الأغذية'!$J$5:$J$604,$S54))) | I54: =IF(OR($S54="",N($C54)=0),"",$C54/100*N(INDEX('Pro قاعدة الأغذية'!$L$5:$L$604,$S54))) | J54: =IF($S54="","",INDEX('Pro قاعدة الأغذية'!$E$5:$E$604,$S54)) | S54: =IF(B54="","",IFERROR(MATCH(B54,'Pro قاعدة الأغذية'!$C$5:$C$604,0),""))
D55: =IF(OR($S55="",N($C55)=0),"",$C55/100*N(INDEX('Pro قاعدة الأغذية'!$F$5:$F$604,$S55))) | E55: =IF(OR($S55="",N($C55)=0),"",$C55/100*N(INDEX('Pro قاعدة الأغذية'!$G$5:$G$604,$S55))) | F55: =IF(OR($S55="",N($C55)=0),"",$C55/100*N(INDEX('Pro قاعدة الأغذية'!$H$5:$H$604,$S55))) | G55: =IF(OR($S55="",N($C55)=0),"",$C55/100*N(INDEX('Pro قاعدة الأغذية'!$I$5:$I$604,$S55))) | H55: =IF(OR($S55="",N($C55)=0),"",$C55/100*N(INDEX('Pro قاعدة الأغذية'!$J$5:$J$604,$S55))) | I55: =IF(OR($S55="",N($C55)=0),"",$C55/100*N(INDEX('Pro قاعدة الأغذية'!$L$5:$L$604,$S55))) | J55: =IF($S55="","",INDEX('Pro قاعدة الأغذية'!$E$5:$E$604,$S55)) | S55: =IF(B55="","",IFERROR(MATCH(B55,'Pro قاعدة الأغذية'!$C$5:$C$604,0),""))
D56: =IF(OR($S56="",N($C56)=0),"",$C56/100*N(INDEX('Pro قاعدة الأغذية'!$F$5:$F$604,$S56))) | E56: =IF(OR($S56="",N($C56)=0),"",$C56/100*N(INDEX('Pro قاعدة الأغذية'!$G$5:$G$604,$S56))) | F56: =IF(OR($S56="",N($C56)=0),"",$C56/100*N(INDEX('Pro قاعدة الأغذية'!$H$5:$H$604,$S56))) | G56: =IF(OR($S56="",N($C56)=0),"",$C56/100*N(INDEX('Pro قاعدة الأغذية'!$I$5:$I$604,$S56))) | H56: =IF(OR($S56="",N($C56)=0),"",$C56/100*N(INDEX('Pro قاعدة الأغذية'!$J$5:$J$604,$S56))) | I56: =IF(OR($S56="",N($C56)=0),"",$C56/100*N(INDEX('Pro قاعدة الأغذية'!$L$5:$L$604,$S56))) | J56: =IF($S56="","",INDEX('Pro قاعدة الأغذية'!$E$5:$E$604,$S56)) | S56: =IF(B56="","",IFERROR(MATCH(B56,'Pro قاعدة الأغذية'!$C$5:$C$604,0),""))
D57: =IF(OR($S57="",N($C57)=0),"",$C57/100*N(INDEX('Pro قاعدة الأغذية'!$F$5:$F$604,$S57))) | E57: =IF(OR($S57="",N($C57)=0),"",$C57/100*N(INDEX('Pro قاعدة الأغذية'!$G$5:$G$604,$S57))) | F57: =IF(OR($S57="",N($C57)=0),"",$C57/100*N(INDEX('Pro قاعدة الأغذية'!$H$5:$H$604,$S57))) | G57: =IF(OR($S57="",N($C57)=0),"",$C57/100*N(INDEX('Pro قاعدة الأغذية'!$I$5:$I$604,$S57))) | H57: =IF(OR($S57="",N($C57)=0),"",$C57/100*N(INDEX('Pro قاعدة الأغذية'!$J$5:$J$604,$S57))) | I57: =IF(OR($S57="",N($C57)=0),"",$C57/100*N(INDEX('Pro قاعدة الأغذية'!$L$5:$L$604,$S57))) | J57: =IF($S57="","",INDEX('Pro قاعدة الأغذية'!$E$5:$E$604,$S57)) | S57: =IF(B57="","",IFERROR(MATCH(B57,'Pro قاعدة الأغذية'!$C$5:$C$604,0),""))
D58: =IF(OR($S58="",N($C58)=0),"",$C58/100*N(INDEX('Pro قاعدة الأغذية'!$F$5:$F$604,$S58))) | E58: =IF(OR($S58="",N($C58)=0),"",$C58/100*N(INDEX('Pro قاعدة الأغذية'!$G$5:$G$604,$S58))) | F58: =IF(OR($S58="",N($C58)=0),"",$C58/100*N(INDEX('Pro قاعدة الأغذية'!$H$5:$H$604,$S58))) | G58: =IF(OR($S58="",N($C58)=0),"",$C58/100*N(INDEX('Pro قاعدة الأغذية'!$I$5:$I$604,$S58))) | H58: =IF(OR($S58="",N($C58)=0),"",$C58/100*N(INDEX('Pro قاعدة الأغذية'!$J$5:$J$604,$S58))) | I58: =IF(OR($S58="",N($C58)=0),"",$C58/100*N(INDEX('Pro قاعدة الأغذية'!$L$5:$L$604,$S58))) | J58: =IF($S58="","",INDEX('Pro قاعدة الأغذية'!$E$5:$E$604,$S58)) | S58: =IF(B58="","",IFERROR(MATCH(B58,'Pro قاعدة الأغذية'!$C$5:$C$604,0),""))
D59: =IF(OR($S59="",N($C59)=0),"",$C59/100*N(INDEX('Pro قاعدة الأغذية'!$F$5:$F$604,$S59))) | E59: =IF(OR($S59="",N($C59)=0),"",$C59/100*N(INDEX('Pro قاعدة الأغذية'!$G$5:$G$604,$S59))) | F59: =IF(OR($S59="",N($C59)=0),"",$C59/100*N(INDEX('Pro قاعدة الأغذية'!$H$5:$H$604,$S59))) | G59: =IF(OR($S59="",N($C59)=0),"",$C59/100*N(INDEX('Pro قاعدة الأغذية'!$I$5:$I$604,$S59))) | H59: =IF(OR($S59="",N($C59)=0),"",$C59/100*N(INDEX('Pro قاعدة الأغذية'!$J$5:$J$604,$S59))) | I59: =IF(OR($S59="",N($C59)=0),"",$C59/100*N(INDEX('Pro قاعدة الأغذية'!$L$5:$L$604,$S59))) | J59: =IF($S59="","",INDEX('Pro قاعدة الأغذية'!$E$5:$E$604,$S59)) | S59: =IF(B59="","",IFERROR(MATCH(B59,'Pro قاعدة الأغذية'!$C$5:$C$604,0),""))
B60: مجموع الوجبة | C60: =SUM(C54:C59) -> 0 | D60: =SUM(D54:D59) -> 0 | E60: =SUM(E54:E59) -> 0 | F60: =SUM(F54:F59) -> 0 | G60: =SUM(G54:G59) -> 0 | H60: =SUM(H54:H59) -> 0 | I60: =SUM(I54:I59) -> 0 | K60: =IF(AND(('Pro إعدادات'!$C$33="نعم"),IF($T$52=1,'Pro إعدادات'!$G$39,'Pro إعدادات'!$D$39)>0),'Pro ملف الرياضي'!$H$24*IF($T$52=1,'Pro إعدادات'!$G$33,'Pro إعدادات'!$D$33)/IF($T$52=1,'Pro إعدادات'!$G$39,'Pro إعدادات'!$D$39),0) -> 28.8 | L60: =IF(AND(('Pro إعدادات'!$C$33="نعم"),IF($T$52=1,'Pro إعدادات'!$H$39,'Pro إعدادات'!$E$39)>0),'Pro ملف الرياضي'!$I$24*IF($T$52=1,'Pro إعدادات'!$H$33,'Pro إعدادات'!$E$33)/IF($T$52=1,'Pro إعدادات'!$H$39,'Pro إعدادات'!$E$39),0) -> 80 | M60: =IF(AND(('Pro إعدادات'!$C$33="نعم"),IF($T$52=1,'Pro إعدادات'!$I$39,'Pro إعدادات'!$F$39)>0),'Pro ملف الرياضي'!$J$24*IF($T$52=1,'Pro إعدادات'!$I$33,'Pro إعدادات'!$F$33)/IF($T$52=1,'Pro إعدادات'!$I$39,'Pro إعدادات'!$F$39),0) -> 18 | N60: =4*K60+4*L60+9*M60 -> 597.2 | O60: =E60-K60 -> -28.8 | P60: =F60-L60 -> -80 | Q60: =G60-M60 -> -18
A61: ='Pro إعدادات'!A34&" ("&'Pro إعدادات'!B34&")" -> سناك 1 / قبل التدريب (10:30) | D61: =IF(OR($S61="",N($C61)=0),"",$C61/100*N(INDEX('Pro قاعدة الأغذية'!$F$5:$F$604,$S61))) | E61: =IF(OR($S61="",N($C61)=0),"",$C61/100*N(INDEX('Pro قاعدة الأغذية'!$G$5:$G$604,$S61))) | F61: =IF(OR($S61="",N($C61)=0),"",$C61/100*N(INDEX('Pro قاعدة الأغذية'!$H$5:$H$604,$S61))) | G61: =IF(OR($S61="",N($C61)=0),"",$C61/100*N(INDEX('Pro قاعدة الأغذية'!$I$5:$I$604,$S61))) | H61: =IF(OR($S61="",N($C61)=0),"",$C61/100*N(INDEX('Pro قاعدة الأغذية'!$J$5:$J$604,$S61))) | I61: =IF(OR($S61="",N($C61)=0),"",$C61/100*N(INDEX('Pro قاعدة الأغذية'!$L$5:$L$604,$S61))) | J61: =IF($S61="","",INDEX('Pro قاعدة الأغذية'!$E$5:$E$604,$S61)) | S61: =IF(B61="","",IFERROR(MATCH(B61,'Pro قاعدة الأغذية'!$C$5:$C$604,0),""))
D62: =IF(OR($S62="",N($C62)=0),"",$C62/100*N(INDEX('Pro قاعدة الأغذية'!$F$5:$F$604,$S62))) | E62: =IF(OR($S62="",N($C62)=0),"",$C62/100*N(INDEX('Pro قاعدة الأغذية'!$G$5:$G$604,$S62))) | F62: =IF(OR($S62="",N($C62)=0),"",$C62/100*N(INDEX('Pro قاعدة الأغذية'!$H$5:$H$604,$S62))) | G62: =IF(OR($S62="",N($C62)=0),"",$C62/100*N(INDEX('Pro قاعدة الأغذية'!$I$5:$I$604,$S62))) | H62: =IF(OR($S62="",N($C62)=0),"",$C62/100*N(INDEX('Pro قاعدة الأغذية'!$J$5:$J$604,$S62))) | I62: =IF(OR($S62="",N($C62)=0),"",$C62/100*N(INDEX('Pro قاعدة الأغذية'!$L$5:$L$604,$S62))) | J62: =IF($S62="","",INDEX('Pro قاعدة الأغذية'!$E$5:$E$604,$S62)) | S62: =IF(B62="","",IFERROR(MATCH(B62,'Pro قاعدة الأغذية'!$C$5:$C$604,0),""))
D63: =IF(OR($S63="",N($C63)=0),"",$C63/100*N(INDEX('Pro قاعدة الأغذية'!$F$5:$F$604,$S63))) | E63: =IF(OR($S63="",N($C63)=0),"",$C63/100*N(INDEX('Pro قاعدة الأغذية'!$G$5:$G$604,$S63))) | F63: =IF(OR($S63="",N($C63)=0),"",$C63/100*N(INDEX('Pro قاعدة الأغذية'!$H$5:$H$604,$S63))) | G63: =IF(OR($S63="",N($C63)=0),"",$C63/100*N(INDEX('Pro قاعدة الأغذية'!$I$5:$I$604,$S63))) | H63: =IF(OR($S63="",N($C63)=0),"",$C63/100*N(INDEX('Pro قاعدة الأغذية'!$J$5:$J$604,$S63))) | I63: =IF(OR($S63="",N($C63)=0),"",$C63/100*N(INDEX('Pro قاعدة الأغذية'!$L$5:$L$604,$S63))) | J63: =IF($S63="","",INDEX('Pro قاعدة الأغذية'!$E$5:$E$604,$S63)) | S63: =IF(B63="","",IFERROR(MATCH(B63,'Pro قاعدة الأغذية'!$C$5:$C$604,0),""))
D64: =IF(OR($S64="",N($C64)=0),"",$C64/100*N(INDEX('Pro قاعدة الأغذية'!$F$5:$F$604,$S64))) | E64: =IF(OR($S64="",N($C64)=0),"",$C64/100*N(INDEX('Pro قاعدة الأغذية'!$G$5:$G$604,$S64))) | F64: =IF(OR($S64="",N($C64)=0),"",$C64/100*N(INDEX('Pro قاعدة الأغذية'!$H$5:$H$604,$S64))) | G64: =IF(OR($S64="",N($C64)=0),"",$C64/100*N(INDEX('Pro قاعدة الأغذية'!$I$5:$I$604,$S64))) | H64: =IF(OR($S64="",N($C64)=0),"",$C64/100*N(INDEX('Pro قاعدة الأغذية'!$J$5:$J$604,$S64))) | I64: =IF(OR($S64="",N($C64)=0),"",$C64/100*N(INDEX('Pro قاعدة الأغذية'!$L$5:$L$604,$S64))) | J64: =IF($S64="","",INDEX('Pro قاعدة الأغذية'!$E$5:$E$604,$S64)) | S64: =IF(B64="","",IFERROR(MATCH(B64,'Pro قاعدة الأغذية'!$C$5:$C$604,0),""))
D65: =IF(OR($S65="",N($C65)=0),"",$C65/100*N(INDEX('Pro قاعدة الأغذية'!$F$5:$F$604,$S65))) | E65: =IF(OR($S65="",N($C65)=0),"",$C65/100*N(INDEX('Pro قاعدة الأغذية'!$G$5:$G$604,$S65))) | F65: =IF(OR($S65="",N($C65)=0),"",$C65/100*N(INDEX('Pro قاعدة الأغذية'!$H$5:$H$604,$S65))) | G65: =IF(OR($S65="",N($C65)=0),"",$C65/100*N(INDEX('Pro قاعدة الأغذية'!$I$5:$I$604,$S65))) | H65: =IF(OR($S65="",N($C65)=0),"",$C65/100*N(INDEX('Pro قاعدة الأغذية'!$J$5:$J$604,$S65))) | I65: =IF(OR($S65="",N($C65)=0),"",$C65/100*N(INDEX('Pro قاعدة الأغذية'!$L$5:$L$604,$S65))) | J65: =IF($S65="","",INDEX('Pro قاعدة الأغذية'!$E$5:$E$604,$S65)) | S65: =IF(B65="","",IFERROR(MATCH(B65,'Pro قاعدة الأغذية'!$C$5:$C$604,0),""))
D66: =IF(OR($S66="",N($C66)=0),"",$C66/100*N(INDEX('Pro قاعدة الأغذية'!$F$5:$F$604,$S66))) | E66: =IF(OR($S66="",N($C66)=0),"",$C66/100*N(INDEX('Pro قاعدة الأغذية'!$G$5:$G$604,$S66))) | F66: =IF(OR($S66="",N($C66)=0),"",$C66/100*N(INDEX('Pro قاعدة الأغذية'!$H$5:$H$604,$S66))) | G66: =IF(OR($S66="",N($C66)=0),"",$C66/100*N(INDEX('Pro قاعدة الأغذية'!$I$5:$I$604,$S66))) | H66: =IF(OR($S66="",N($C66)=0),"",$C66/100*N(INDEX('Pro قاعدة الأغذية'!$J$5:$J$604,$S66))) | I66: =IF(OR($S66="",N($C66)=0),"",$C66/100*N(INDEX('Pro قاعدة الأغذية'!$L$5:$L$604,$S66))) | J66: =IF($S66="","",INDEX('Pro قاعدة الأغذية'!$E$5:$E$604,$S66)) | S66: =IF(B66="","",IFERROR(MATCH(B66,'Pro قاعدة الأغذية'!$C$5:$C$604,0),""))
B67: مجموع الوجبة | C67: =SUM(C61:C66) -> 0 | D67: =SUM(D61:D66) -> 0 | E67: =SUM(E61:E66) -> 0 | F67: =SUM(F61:F66) -> 0 | G67: =SUM(G61:G66) -> 0 | H67: =SUM(H61:H66) -> 0 | I67: =SUM(I61:I66) -> 0 | K67: =IF(AND(('Pro إعدادات'!$C$34="نعم"),IF($T$52=1,'Pro إعدادات'!$G$39,'Pro إعدادات'!$D$39)>0),'Pro ملف الرياضي'!$H$24*IF($T$52=1,'Pro إعدادات'!$G$34,'Pro إعدادات'!$D$34)/IF($T$52=1,'Pro إعدادات'!$G$39,'Pro إعدادات'!$D$39),0) -> 14.4 | L67: =IF(AND(('Pro إعدادات'!$C$34="نعم"),IF($T$52=1,'Pro إعدادات'!$H$39,'Pro إعدادات'!$E$39)>0),'Pro ملف الرياضي'!$I$24*IF($T$52=1,'Pro إعدادات'!$H$34,'Pro إعدادات'!$E$34)/IF($T$52=1,'Pro إعدادات'!$H$39,'Pro إعدادات'!$E$39),0) -> 60 | M67: =IF(AND(('Pro إعدادات'!$C$34="نعم"),IF($T$52=1,'Pro إعدادات'!$I$39,'Pro إعدادات'!$F$39)>0),'Pro ملف الرياضي'!$J$24*IF($T$52=1,'Pro إعدادات'!$I$34,'Pro إعدادات'!$F$34)/IF($T$52=1,'Pro إعدادات'!$I$39,'Pro إعدادات'!$F$39),0) -> 3.6 | N67: =4*K67+4*L67+9*M67 -> 330 | O67: =E67-K67 -> -14.4 | P67: =F67-L67 -> -60 | Q67: =G67-M67 -> -3.6
A68: ='Pro إعدادات'!A35&" ("&'Pro إعدادات'!B35&")" -> الغداء (13:30) | D68: =IF(OR($S68="",N($C68)=0),"",$C68/100*N(INDEX('Pro قاعدة الأغذية'!$F$5:$F$604,$S68))) | E68: =IF(OR($S68="",N($C68)=0),"",$C68/100*N(INDEX('Pro قاعدة الأغذية'!$G$5:$G$604,$S68))) | F68: =IF(OR($S68="",N($C68)=0),"",$C68/100*N(INDEX('Pro قاعدة الأغذية'!$H$5:$H$604,$S68))) | G68: =IF(OR($S68="",N($C68)=0),"",$C68/100*N(INDEX('Pro قاعدة الأغذية'!$I$5:$I$604,$S68))) | H68: =IF(OR($S68="",N($C68)=0),"",$C68/100*N(INDEX('Pro قاعدة الأغذية'!$J$5:$J$604,$S68))) | I68: =IF(OR($S68="",N($C68)=0),"",$C68/100*N(INDEX('Pro قاعدة الأغذية'!$L$5:$L$604,$S68))) | J68: =IF($S68="","",INDEX('Pro قاعدة الأغذية'!$E$5:$E$604,$S68)) | S68: =IF(B68="","",IFERROR(MATCH(B68,'Pro قاعدة الأغذية'!$C$5:$C$604,0),""))
D69: =IF(OR($S69="",N($C69)=0),"",$C69/100*N(INDEX('Pro قاعدة الأغذية'!$F$5:$F$604,$S69))) | E69: =IF(OR($S69="",N($C69)=0),"",$C69/100*N(INDEX('Pro قاعدة الأغذية'!$G$5:$G$604,$S69))) | F69: =IF(OR($S69="",N($C69)=0),"",$C69/100*N(INDEX('Pro قاعدة الأغذية'!$H$5:$H$604,$S69))) | G69: =IF(OR($S69="",N($C69)=0),"",$C69/100*N(INDEX('Pro قاعدة الأغذية'!$I$5:$I$604,$S69))) | H69: =IF(OR($S69="",N($C69)=0),"",$C69/100*N(INDEX('Pro قاعدة الأغذية'!$J$5:$J$604,$S69))) | I69: =IF(OR($S69="",N($C69)=0),"",$C69/100*N(INDEX('Pro قاعدة الأغذية'!$L$5:$L$604,$S69))) | J69: =IF($S69="","",INDEX('Pro قاعدة الأغذية'!$E$5:$E$604,$S69)) | S69: =IF(B69="","",IFERROR(MATCH(B69,'Pro قاعدة الأغذية'!$C$5:$C$604,0),""))
D70: =IF(OR($S70="",N($C70)=0),"",$C70/100*N(INDEX('Pro قاعدة الأغذية'!$F$5:$F$604,$S70))) | E70: =IF(OR($S70="",N($C70)=0),"",$C70/100*N(INDEX('Pro قاعدة الأغذية'!$G$5:$G$604,$S70))) | F70: =IF(OR($S70="",N($C70)=0),"",$C70/100*N(INDEX('Pro قاعدة الأغذية'!$H$5:$H$604,$S70))) | G70: =IF(OR($S70="",N($C70)=0),"",$C70/100*N(INDEX('Pro قاعدة الأغذية'!$I$5:$I$604,$S70))) | H70: =IF(OR($S70="",N($C70)=0),"",$C70/100*N(INDEX('Pro قاعدة الأغذية'!$J$5:$J$604,$S70))) | I70: =IF(OR($S70="",N($C70)=0),"",$C70/100*N(INDEX('Pro قاعدة الأغذية'!$L$5:$L$604,$S70))) | J70: =IF($S70="","",INDEX('Pro قاعدة الأغذية'!$E$5:$E$604,$S70)) | S70: =IF(B70="","",IFERROR(MATCH(B70,'Pro قاعدة الأغذية'!$C$5:$C$604,0),""))
D71: =IF(OR($S71="",N($C71)=0),"",$C71/100*N(INDEX('Pro قاعدة الأغذية'!$F$5:$F$604,$S71))) | E71: =IF(OR($S71="",N($C71)=0),"",$C71/100*N(INDEX('Pro قاعدة الأغذية'!$G$5:$G$604,$S71))) | F71: =IF(OR($S71="",N($C71)=0),"",$C71/100*N(INDEX('Pro قاعدة الأغذية'!$H$5:$H$604,$S71))) | G71: =IF(OR($S71="",N($C71)=0),"",$C71/100*N(INDEX('Pro قاعدة الأغذية'!$I$5:$I$604,$S71))) | H71: =IF(OR($S71="",N($C71)=0),"",$C71/100*N(INDEX('Pro قاعدة الأغذية'!$J$5:$J$604,$S71))) | I71: =IF(OR($S71="",N($C71)=0),"",$C71/100*N(INDEX('Pro قاعدة الأغذية'!$L$5:$L$604,$S71))) | J71: =IF($S71="","",INDEX('Pro قاعدة الأغذية'!$E$5:$E$604,$S71)) | S71: =IF(B71="","",IFERROR(MATCH(B71,'Pro قاعدة الأغذية'!$C$5:$C$604,0),""))
D72: =IF(OR($S72="",N($C72)=0),"",$C72/100*N(INDEX('Pro قاعدة الأغذية'!$F$5:$F$604,$S72))) | E72: =IF(OR($S72="",N($C72)=0),"",$C72/100*N(INDEX('Pro قاعدة الأغذية'!$G$5:$G$604,$S72))) | F72: =IF(OR($S72="",N($C72)=0),"",$C72/100*N(INDEX('Pro قاعدة الأغذية'!$H$5:$H$604,$S72))) | G72: =IF(OR($S72="",N($C72)=0),"",$C72/100*N(INDEX('Pro قاعدة الأغذية'!$I$5:$I$604,$S72))) | H72: =IF(OR($S72="",N($C72)=0),"",$C72/100*N(INDEX('Pro قاعدة الأغذية'!$J$5:$J$604,$S72))) | I72: =IF(OR($S72="",N($C72)=0),"",$C72/100*N(INDEX('Pro قاعدة الأغذية'!$L$5:$L$604,$S72))) | J72: =IF($S72="","",INDEX('Pro قاعدة الأغذية'!$E$5:$E$604,$S72)) | S72: =IF(B72="","",IFERROR(MATCH(B72,'Pro قاعدة الأغذية'!$C$5:$C$604,0),""))
D73: =IF(OR($S73="",N($C73)=0),"",$C73/100*N(INDEX('Pro قاعدة الأغذية'!$F$5:$F$604,$S73))) | E73: =IF(OR($S73="",N($C73)=0),"",$C73/100*N(INDEX('Pro قاعدة الأغذية'!$G$5:$G$604,$S73))) | F73: =IF(OR($S73="",N($C73)=0),"",$C73/100*N(INDEX('Pro قاعدة الأغذية'!$H$5:$H$604,$S73))) | G73: =IF(OR($S73="",N($C73)=0),"",$C73/100*N(INDEX('Pro قاعدة الأغذية'!$I$5:$I$604,$S73))) | H73: =IF(OR($S73="",N($C73)=0),"",$C73/100*N(INDEX('Pro قاعدة الأغذية'!$J$5:$J$604,$S73))) | I73: =IF(OR($S73="",N($C73)=0),"",$C73/100*N(INDEX('Pro قاعدة الأغذية'!$L$5:$L$604,$S73))) | J73: =IF($S73="","",INDEX('Pro قاعدة الأغذية'!$E$5:$E$604,$S73)) | S73: =IF(B73="","",IFERROR(MATCH(B73,'Pro قاعدة الأغذية'!$C$5:$C$604,0),""))
B74: مجموع الوجبة | C74: =SUM(C68:C73) -> 0 | D74: =SUM(D68:D73) -> 0 | E74: =SUM(E68:E73) -> 0 | F74: =SUM(F68:F73) -> 0 | G74: =SUM(G68:G73) -> 0 | H74: =SUM(H68:H73) -> 0 | I74: =SUM(I68:I73) -> 0 | K74: =IF(AND(('Pro إعدادات'!$C$35="نعم"),IF($T$52=1,'Pro إعدادات'!$G$39,'Pro إعدادات'!$D$39)>0),'Pro ملف الرياضي'!$H$24*IF($T$52=1,'Pro إعدادات'!$G$35,'Pro إعدادات'!$D$35)/IF($T$52=1,'Pro إعدادات'!$G$39,'Pro إعدادات'!$D$39),0) -> 36 | L74: =IF(AND(('Pro إعدادات'!$C$35="نعم"),IF($T$52=1,'Pro إعدادات'!$H$39,'Pro إعدادات'!$E$39)>0),'Pro ملف الرياضي'!$I$24*IF($T$52=1,'Pro إعدادات'!$H$35,'Pro إعدادات'!$E$35)/IF($T$52=1,'Pro إعدادات'!$H$39,'Pro إعدادات'!$E$39),0) -> 100 | M74: =IF(AND(('Pro إعدادات'!$C$35="نعم"),IF($T$52=1,'Pro إعدادات'!$I$39,'Pro إعدادات'!$F$39)>0),'Pro ملف الرياضي'!$J$24*IF($T$52=1,'Pro إعدادات'!$I$35,'Pro إعدادات'!$F$35)/IF($T$52=1,'Pro إعدادات'!$I$39,'Pro إعدادات'!$F$39),0) -> 21.6 | N74: =4*K74+4*L74+9*M74 -> 738.4 | O74: =E74-K74 -> -36 | P74: =F74-L74 -> -100 | Q74: =G74-M74 -> -21.6
A75: ='Pro إعدادات'!A36&" ("&'Pro إعدادات'!B36&")" -> سناك 2 / بعد التدريب (16:30) | D75: =IF(OR($S75="",N($C75)=0),"",$C75/100*N(INDEX('Pro قاعدة الأغذية'!$F$5:$F$604,$S75))) | E75: =IF(OR($S75="",N($C75)=0),"",$C75/100*N(INDEX('Pro قاعدة الأغذية'!$G$5:$G$604,$S75))) | F75: =IF(OR($S75="",N($C75)=0),"",$C75/100*N(INDEX('Pro قاعدة الأغذية'!$H$5:$H$604,$S75))) | G75: =IF(OR($S75="",N($C75)=0),"",$C75/100*N(INDEX('Pro قاعدة الأغذية'!$I$5:$I$604,$S75))) | H75: =IF(OR($S75="",N($C75)=0),"",$C75/100*N(INDEX('Pro قاعدة الأغذية'!$J$5:$J$604,$S75))) | I75: =IF(OR($S75="",N($C75)=0),"",$C75/100*N(INDEX('Pro قاعدة الأغذية'!$L$5:$L$604,$S75))) | J75: =IF($S75="","",INDEX('Pro قاعدة الأغذية'!$E$5:$E$604,$S75)) | S75: =IF(B75="","",IFERROR(MATCH(B75,'Pro قاعدة الأغذية'!$C$5:$C$604,0),""))
D76: =IF(OR($S76="",N($C76)=0),"",$C76/100*N(INDEX('Pro قاعدة الأغذية'!$F$5:$F$604,$S76))) | E76: =IF(OR($S76="",N($C76)=0),"",$C76/100*N(INDEX('Pro قاعدة الأغذية'!$G$5:$G$604,$S76))) | F76: =IF(OR($S76="",N($C76)=0),"",$C76/100*N(INDEX('Pro قاعدة الأغذية'!$H$5:$H$604,$S76))) | G76: =IF(OR($S76="",N($C76)=0),"",$C76/100*N(INDEX('Pro قاعدة الأغذية'!$I$5:$I$604,$S76))) | H76: =IF(OR($S76="",N($C76)=0),"",$C76/100*N(INDEX('Pro قاعدة الأغذية'!$J$5:$J$604,$S76))) | I76: =IF(OR($S76="",N($C76)=0),"",$C76/100*N(INDEX('Pro قاعدة الأغذية'!$L$5:$L$604,$S76))) | J76: =IF($S76="","",INDEX('Pro قاعدة الأغذية'!$E$5:$E$604,$S76)) | S76: =IF(B76="","",IFERROR(MATCH(B76,'Pro قاعدة الأغذية'!$C$5:$C$604,0),""))
D77: =IF(OR($S77="",N($C77)=0),"",$C77/100*N(INDEX('Pro قاعدة الأغذية'!$F$5:$F$604,$S77))) | E77: =IF(OR($S77="",N($C77)=0),"",$C77/100*N(INDEX('Pro قاعدة الأغذية'!$G$5:$G$604,$S77))) | F77: =IF(OR($S77="",N($C77)=0),"",$C77/100*N(INDEX('Pro قاعدة الأغذية'!$H$5:$H$604,$S77))) | G77: =IF(OR($S77="",N($C77)=0),"",$C77/100*N(INDEX('Pro قاعدة الأغذية'!$I$5:$I$604,$S77))) | H77: =IF(OR($S77="",N($C77)=0),"",$C77/100*N(INDEX('Pro قاعدة الأغذية'!$J$5:$J$604,$S77))) | I77: =IF(OR($S77="",N($C77)=0),"",$C77/100*N(INDEX('Pro قاعدة الأغذية'!$L$5:$L$604,$S77))) | J77: =IF($S77="","",INDEX('Pro قاعدة الأغذية'!$E$5:$E$604,$S77)) | S77: =IF(B77="","",IFERROR(MATCH(B77,'Pro قاعدة الأغذية'!$C$5:$C$604,0),""))
D78: =IF(OR($S78="",N($C78)=0),"",$C78/100*N(INDEX('Pro قاعدة الأغذية'!$F$5:$F$604,$S78))) | E78: =IF(OR($S78="",N($C78)=0),"",$C78/100*N(INDEX('Pro قاعدة الأغذية'!$G$5:$G$604,$S78))) | F78: =IF(OR($S78="",N($C78)=0),"",$C78/100*N(INDEX('Pro قاعدة الأغذية'!$H$5:$H$604,$S78))) | G78: =IF(OR($S78="",N($C78)=0),"",$C78/100*N(INDEX('Pro قاعدة الأغذية'!$I$5:$I$604,$S78))) | H78: =IF(OR($S78="",N($C78)=0),"",$C78/100*N(INDEX('Pro قاعدة الأغذية'!$J$5:$J$604,$S78))) | I78: =IF(OR($S78="",N($C78)=0),"",$C78/100*N(INDEX('Pro قاعدة الأغذية'!$L$5:$L$604,$S78))) | J78: =IF($S78="","",INDEX('Pro قاعدة الأغذية'!$E$5:$E$604,$S78)) | S78: =IF(B78="","",IFERROR(MATCH(B78,'Pro قاعدة الأغذية'!$C$5:$C$604,0),""))
D79: =IF(OR($S79="",N($C79)=0),"",$C79/100*N(INDEX('Pro قاعدة الأغذية'!$F$5:$F$604,$S79))) | E79: =IF(OR($S79="",N($C79)=0),"",$C79/100*N(INDEX('Pro قاعدة الأغذية'!$G$5:$G$604,$S79))) | F79: =IF(OR($S79="",N($C79)=0),"",$C79/100*N(INDEX('Pro قاعدة الأغذية'!$H$5:$H$604,$S79))) | G79: =IF(OR($S79="",N($C79)=0),"",$C79/100*N(INDEX('Pro قاعدة الأغذية'!$I$5:$I$604,$S79))) | H79: =IF(OR($S79="",N($C79)=0),"",$C79/100*N(INDEX('Pro قاعدة الأغذية'!$J$5:$J$604,$S79))) | I79: =IF(OR($S79="",N($C79)=0),"",$C79/100*N(INDEX('Pro قاعدة الأغذية'!$L$5:$L$604,$S79))) | J79: =IF($S79="","",INDEX('Pro قاعدة الأغذية'!$E$5:$E$604,$S79)) | S79: =IF(B79="","",IFERROR(MATCH(B79,'Pro قاعدة الأغذية'!$C$5:$C$604,0),""))
D80: =IF(OR($S80="",N($C80)=0),"",$C80/100*N(INDEX('Pro قاعدة الأغذية'!$F$5:$F$604,$S80))) | E80: =IF(OR($S80="",N($C80)=0),"",$C80/100*N(INDEX('Pro قاعدة الأغذية'!$G$5:$G$604,$S80))) | F80: =IF(OR($S80="",N($C80)=0),"",$C80/100*N(INDEX('Pro قاعدة الأغذية'!$H$5:$H$604,$S80))) | G80: =IF(OR($S80="",N($C80)=0),"",$C80/100*N(INDEX('Pro قاعدة الأغذية'!$I$5:$I$604,$S80))) | H80: =IF(OR($S80="",N($C80)=0),"",$C80/100*N(INDEX('Pro قاعدة الأغذية'!$J$5:$J$604,$S80))) | I80: =IF(OR($S80="",N($C80)=0),"",$C80/100*N(INDEX('Pro قاعدة الأغذية'!$L$5:$L$604,$S80))) | J80: =IF($S80="","",INDEX('Pro قاعدة الأغذية'!$E$5:$E$604,$S80)) | S80: =IF(B80="","",IFERROR(MATCH(B80,'Pro قاعدة الأغذية'!$C$5:$C$604,0),""))
B81: مجموع الوجبة | C81: =SUM(C75:C80) -> 0 | D81: =SUM(D75:D80) -> 0 | E81: =SUM(E75:E80) -> 0 | F81: =SUM(F75:F80) -> 0 | G81: =SUM(G75:G80) -> 0 | H81: =SUM(H75:H80) -> 0 | I81: =SUM(I75:I80) -> 0 | K81: =IF(AND(('Pro إعدادات'!$C$36="نعم"),IF($T$52=1,'Pro إعدادات'!$G$39,'Pro إعدادات'!$D$39)>0),'Pro ملف الرياضي'!$H$24*IF($T$52=1,'Pro إعدادات'!$G$36,'Pro إعدادات'!$D$36)/IF($T$52=1,'Pro إعدادات'!$G$39,'Pro إعدادات'!$D$39),0) -> 28.8 | L81: =IF(AND(('Pro إعدادات'!$C$36="نعم"),IF($T$52=1,'Pro إعدادات'!$H$39,'Pro إعدادات'!$E$39)>0),'Pro ملف الرياضي'!$I$24*IF($T$52=1,'Pro إعدادات'!$H$36,'Pro إعدادات'!$E$36)/IF($T$52=1,'Pro إعدادات'!$H$39,'Pro إعدادات'!$E$39),0) -> 100 | M81: =IF(AND(('Pro إعدادات'!$C$36="نعم"),IF($T$52=1,'Pro إعدادات'!$I$39,'Pro إعدادات'!$F$39)>0),'Pro ملف الرياضي'!$J$24*IF($T$52=1,'Pro إعدادات'!$I$36,'Pro إعدادات'!$F$36)/IF($T$52=1,'Pro إعدادات'!$I$39,'Pro إعدادات'!$F$39),0) -> 7.2 | N81: =4*K81+4*L81+9*M81 -> 580 | O81: =E81-K81 -> -28.8 | P81: =F81-L81 -> -100 | Q81: =G81-M81 -> -7.2
A82: ='Pro إعدادات'!A37&" ("&'Pro إعدادات'!B37&")" -> العشاء (20:00) | D82: =IF(OR($S82="",N($C82)=0),"",$C82/100*N(INDEX('Pro قاعدة الأغذية'!$F$5:$F$604,$S82))) | E82: =IF(OR($S82="",N($C82)=0),"",$C82/100*N(INDEX('Pro قاعدة الأغذية'!$G$5:$G$604,$S82))) | F82: =IF(OR($S82="",N($C82)=0),"",$C82/100*N(INDEX('Pro قاعدة الأغذية'!$H$5:$H$604,$S82))) | G82: =IF(OR($S82="",N($C82)=0),"",$C82/100*N(INDEX('Pro قاعدة الأغذية'!$I$5:$I$604,$S82))) | H82: =IF(OR($S82="",N($C82)=0),"",$C82/100*N(INDEX('Pro قاعدة الأغذية'!$J$5:$J$604,$S82))) | I82: =IF(OR($S82="",N($C82)=0),"",$C82/100*N(INDEX('Pro قاعدة الأغذية'!$L$5:$L$604,$S82))) | J82: =IF($S82="","",INDEX('Pro قاعدة الأغذية'!$E$5:$E$604,$S82)) | S82: =IF(B82="","",IFERROR(MATCH(B82,'Pro قاعدة الأغذية'!$C$5:$C$604,0),""))
D83: =IF(OR($S83="",N($C83)=0),"",$C83/100*N(INDEX('Pro قاعدة الأغذية'!$F$5:$F$604,$S83))) | E83: =IF(OR($S83="",N($C83)=0),"",$C83/100*N(INDEX('Pro قاعدة الأغذية'!$G$5:$G$604,$S83))) | F83: =IF(OR($S83="",N($C83)=0),"",$C83/100*N(INDEX('Pro قاعدة الأغذية'!$H$5:$H$604,$S83))) | G83: =IF(OR($S83="",N($C83)=0),"",$C83/100*N(INDEX('Pro قاعدة الأغذية'!$I$5:$I$604,$S83))) | H83: =IF(OR($S83="",N($C83)=0),"",$C83/100*N(INDEX('Pro قاعدة الأغذية'!$J$5:$J$604,$S83))) | I83: =IF(OR($S83="",N($C83)=0),"",$C83/100*N(INDEX('Pro قاعدة الأغذية'!$L$5:$L$604,$S83))) | J83: =IF($S83="","",INDEX('Pro قاعدة الأغذية'!$E$5:$E$604,$S83)) | S83: =IF(B83="","",IFERROR(MATCH(B83,'Pro قاعدة الأغذية'!$C$5:$C$604,0),""))
D84: =IF(OR($S84="",N($C84)=0),"",$C84/100*N(INDEX('Pro قاعدة الأغذية'!$F$5:$F$604,$S84))) | E84: =IF(OR($S84="",N($C84)=0),"",$C84/100*N(INDEX('Pro قاعدة الأغذية'!$G$5:$G$604,$S84))) | F84: =IF(OR($S84="",N($C84)=0),"",$C84/100*N(INDEX('Pro قاعدة الأغذية'!$H$5:$H$604,$S84))) | G84: =IF(OR($S84="",N($C84)=0),"",$C84/100*N(INDEX('Pro قاعدة الأغذية'!$I$5:$I$604,$S84))) | H84: =IF(OR($S84="",N($C84)=0),"",$C84/100*N(INDEX('Pro قاعدة الأغذية'!$J$5:$J$604,$S84))) | I84: =IF(OR($S84="",N($C84)=0),"",$C84/100*N(INDEX('Pro قاعدة الأغذية'!$L$5:$L$604,$S84))) | J84: =IF($S84="","",INDEX('Pro قاعدة الأغذية'!$E$5:$E$604,$S84)) | S84: =IF(B84="","",IFERROR(MATCH(B84,'Pro قاعدة الأغذية'!$C$5:$C$604,0),""))
D85: =IF(OR($S85="",N($C85)=0),"",$C85/100*N(INDEX('Pro قاعدة الأغذية'!$F$5:$F$604,$S85))) | E85: =IF(OR($S85="",N($C85)=0),"",$C85/100*N(INDEX('Pro قاعدة الأغذية'!$G$5:$G$604,$S85))) | F85: =IF(OR($S85="",N($C85)=0),"",$C85/100*N(INDEX('Pro قاعدة الأغذية'!$H$5:$H$604,$S85))) | G85: =IF(OR($S85="",N($C85)=0),"",$C85/100*N(INDEX('Pro قاعدة الأغذية'!$I$5:$I$604,$S85))) | H85: =IF(OR($S85="",N($C85)=0),"",$C85/100*N(INDEX('Pro قاعدة الأغذية'!$J$5:$J$604,$S85))) | I85: =IF(OR($S85="",N($C85)=0),"",$C85/100*N(INDEX('Pro قاعدة الأغذية'!$L$5:$L$604,$S85))) | J85: =IF($S85="","",INDEX('Pro قاعدة الأغذية'!$E$5:$E$604,$S85)) | S85: =IF(B85="","",IFERROR(MATCH(B85,'Pro قاعدة الأغذية'!$C$5:$C$604,0),""))
D86: =IF(OR($S86="",N($C86)=0),"",$C86/100*N(INDEX('Pro قاعدة الأغذية'!$F$5:$F$604,$S86))) | E86: =IF(OR($S86="",N($C86)=0),"",$C86/100*N(INDEX('Pro قاعدة الأغذية'!$G$5:$G$604,$S86))) | F86: =IF(OR($S86="",N($C86)=0),"",$C86/100*N(INDEX('Pro قاعدة الأغذية'!$H$5:$H$604,$S86))) | G86: =IF(OR($S86="",N($C86)=0),"",$C86/100*N(INDEX('Pro قاعدة الأغذية'!$I$5:$I$604,$S86))) | H86: =IF(OR($S86="",N($C86)=0),"",$C86/100*N(INDEX('Pro قاعدة الأغذية'!$J$5:$J$604,$S86))) | I86: =IF(OR($S86="",N($C86)=0),"",$C86/100*N(INDEX('Pro قاعدة الأغذية'!$L$5:$L$604,$S86))) | J86: =IF($S86="","",INDEX('Pro قاعدة الأغذية'!$E$5:$E$604,$S86)) | S86: =IF(B86="","",IFERROR(MATCH(B86,'Pro قاعدة الأغذية'!$C$5:$C$604,0),""))
D87: =IF(OR($S87="",N($C87)=0),"",$C87/100*N(INDEX('Pro قاعدة الأغذية'!$F$5:$F$604,$S87))) | E87: =IF(OR($S87="",N($C87)=0),"",$C87/100*N(INDEX('Pro قاعدة الأغذية'!$G$5:$G$604,$S87))) | F87: =IF(OR($S87="",N($C87)=0),"",$C87/100*N(INDEX('Pro قاعدة الأغذية'!$H$5:$H$604,$S87))) | G87: =IF(OR($S87="",N($C87)=0),"",$C87/100*N(INDEX('Pro قاعدة الأغذية'!$I$5:$I$604,$S87))) | H87: =IF(OR($S87="",N($C87)=0),"",$C87/100*N(INDEX('Pro قاعدة الأغذية'!$J$5:$J$604,$S87))) | I87: =IF(OR($S87="",N($C87)=0),"",$C87/100*N(INDEX('Pro قاعدة الأغذية'!$L$5:$L$604,$S87))) | J87: =IF($S87="","",INDEX('Pro قاعدة الأغذية'!$E$5:$E$604,$S87)) | S87: =IF(B87="","",IFERROR(MATCH(B87,'Pro قاعدة الأغذية'!$C$5:$C$604,0),""))
B88: مجموع الوجبة | C88: =SUM(C82:C87) -> 0 | D88: =SUM(D82:D87) -> 0 | E88: =SUM(E82:E87) -> 0 | F88: =SUM(F82:F87) -> 0 | G88: =SUM(G82:G87) -> 0 | H88: =SUM(H82:H87) -> 0 | I88: =SUM(I82:I87) -> 0 | K88: =IF(AND(('Pro إعدادات'!$C$37="نعم"),IF($T$52=1,'Pro إعدادات'!$G$39,'Pro إعدادات'!$D$39)>0),'Pro ملف الرياضي'!$H$24*IF($T$52=1,'Pro إعدادات'!$G$37,'Pro إعدادات'!$D$37)/IF($T$52=1,'Pro إعدادات'!$G$39,'Pro إعدادات'!$D$39),0) -> 36 | L88: =IF(AND(('Pro إعدادات'!$C$37="نعم"),IF($T$52=1,'Pro إعدادات'!$H$39,'Pro إعدادات'!$E$39)>0),'Pro ملف الرياضي'!$I$24*IF($T$52=1,'Pro إعدادات'!$H$37,'Pro إعدادات'!$E$37)/IF($T$52=1,'Pro إعدادات'!$H$39,'Pro إعدادات'!$E$39),0) -> 60 | M88: =IF(AND(('Pro إعدادات'!$C$37="نعم"),IF($T$52=1,'Pro إعدادات'!$I$39,'Pro إعدادات'!$F$39)>0),'Pro ملف الرياضي'!$J$24*IF($T$52=1,'Pro إعدادات'!$I$37,'Pro إعدادات'!$F$37)/IF($T$52=1,'Pro إعدادات'!$I$39,'Pro إعدادات'!$F$39),0) -> 21.6 | N88: =4*K88+4*L88+9*M88 -> 578.4 | O88: =E88-K88 -> -36 | P88: =F88-L88 -> -60 | Q88: =G88-M88 -> -21.6
A89: ='Pro إعدادات'!A38&" ("&'Pro إعدادات'!B38&")" -> وجبة ليلية (22:30) | D89: =IF(OR($S89="",N($C89)=0),"",$C89/100*N(INDEX('Pro قاعدة الأغذية'!$F$5:$F$604,$S89))) | E89: =IF(OR($S89="",N($C89)=0),"",$C89/100*N(INDEX('Pro قاعدة الأغذية'!$G$5:$G$604,$S89))) | F89: =IF(OR($S89="",N($C89)=0),"",$C89/100*N(INDEX('Pro قاعدة الأغذية'!$H$5:$H$604,$S89))) | G89: =IF(OR($S89="",N($C89)=0),"",$C89/100*N(INDEX('Pro قاعدة الأغذية'!$I$5:$I$604,$S89))) | H89: =IF(OR($S89="",N($C89)=0),"",$C89/100*N(INDEX('Pro قاعدة الأغذية'!$J$5:$J$604,$S89))) | I89: =IF(OR($S89="",N($C89)=0),"",$C89/100*N(INDEX('Pro قاعدة الأغذية'!$L$5:$L$604,$S89))) | J89: =IF($S89="","",INDEX('Pro قاعدة الأغذية'!$E$5:$E$604,$S89)) | S89: =IF(B89="","",IFERROR(MATCH(B89,'Pro قاعدة الأغذية'!$C$5:$C$604,0),""))
D90: =IF(OR($S90="",N($C90)=0),"",$C90/100*N(INDEX('Pro قاعدة الأغذية'!$F$5:$F$604,$S90))) | E90: =IF(OR($S90="",N($C90)=0),"",$C90/100*N(INDEX('Pro قاعدة الأغذية'!$G$5:$G$604,$S90))) | F90: =IF(OR($S90="",N($C90)=0),"",$C90/100*N(INDEX('Pro قاعدة الأغذية'!$H$5:$H$604,$S90))) | G90: =IF(OR($S90="",N($C90)=0),"",$C90/100*N(INDEX('Pro قاعدة الأغذية'!$I$5:$I$604,$S90))) | H90: =IF(OR($S90="",N($C90)=0),"",$C90/100*N(INDEX('Pro قاعدة الأغذية'!$J$5:$J$604,$S90))) | I90: =IF(OR($S90="",N($C90)=0),"",$C90/100*N(INDEX('Pro قاعدة الأغذية'!$L$5:$L$604,$S90))) | J90: =IF($S90="","",INDEX('Pro قاعدة الأغذية'!$E$5:$E$604,$S90)) | S90: =IF(B90="","",IFERROR(MATCH(B90,'Pro قاعدة الأغذية'!$C$5:$C$604,0),""))
D91: =IF(OR($S91="",N($C91)=0),"",$C91/100*N(INDEX('Pro قاعدة الأغذية'!$F$5:$F$604,$S91))) | E91: =IF(OR($S91="",N($C91)=0),"",$C91/100*N(INDEX('Pro قاعدة الأغذية'!$G$5:$G$604,$S91))) | F91: =IF(OR($S91="",N($C91)=0),"",$C91/100*N(INDEX('Pro قاعدة الأغذية'!$H$5:$H$604,$S91))) | G91: =IF(OR($S91="",N($C91)=0),"",$C91/100*N(INDEX('Pro قاعدة الأغذية'!$I$5:$I$604,$S91))) | H91: =IF(OR($S91="",N($C91)=0),"",$C91/100*N(INDEX('Pro قاعدة الأغذية'!$J$5:$J$604,$S91))) | I91: =IF(OR($S91="",N($C91)=0),"",$C91/100*N(INDEX('Pro قاعدة الأغذية'!$L$5:$L$604,$S91))) | J91: =IF($S91="","",INDEX('Pro قاعدة الأغذية'!$E$5:$E$604,$S91)) | S91: =IF(B91="","",IFERROR(MATCH(B91,'Pro قاعدة الأغذية'!$C$5:$C$604,0),""))
D92: =IF(OR($S92="",N($C92)=0),"",$C92/100*N(INDEX('Pro قاعدة الأغذية'!$F$5:$F$604,$S92))) | E92: =IF(OR($S92="",N($C92)=0),"",$C92/100*N(INDEX('Pro قاعدة الأغذية'!$G$5:$G$604,$S92))) | F92: =IF(OR($S92="",N($C92)=0),"",$C92/100*N(INDEX('Pro قاعدة الأغذية'!$H$5:$H$604,$S92))) | G92: =IF(OR($S92="",N($C92)=0),"",$C92/100*N(INDEX('Pro قاعدة الأغذية'!$I$5:$I$604,$S92))) | H92: =IF(OR($S92="",N($C92)=0),"",$C92/100*N(INDEX('Pro قاعدة الأغذية'!$J$5:$J$604,$S92))) | I92: =IF(OR($S92="",N($C92)=0),"",$C92/100*N(INDEX('Pro قاعدة الأغذية'!$L$5:$L$604,$S92))) | J92: =IF($S92="","",INDEX('Pro قاعدة الأغذية'!$E$5:$E$604,$S92)) | S92: =IF(B92="","",IFERROR(MATCH(B92,'Pro قاعدة الأغذية'!$C$5:$C$604,0),""))
D93: =IF(OR($S93="",N($C93)=0),"",$C93/100*N(INDEX('Pro قاعدة الأغذية'!$F$5:$F$604,$S93))) | E93: =IF(OR($S93="",N($C93)=0),"",$C93/100*N(INDEX('Pro قاعدة الأغذية'!$G$5:$G$604,$S93))) | F93: =IF(OR($S93="",N($C93)=0),"",$C93/100*N(INDEX('Pro قاعدة الأغذية'!$H$5:$H$604,$S93))) | G93: =IF(OR($S93="",N($C93)=0),"",$C93/100*N(INDEX('Pro قاعدة الأغذية'!$I$5:$I$604,$S93))) | H93: =IF(OR($S93="",N($C93)=0),"",$C93/100*N(INDEX('Pro قاعدة الأغذية'!$J$5:$J$604,$S93))) | I93: =IF(OR($S93="",N($C93)=0),"",$C93/100*N(INDEX('Pro قاعدة الأغذية'!$L$5:$L$604,$S93))) | J93: =IF($S93="","",INDEX('Pro قاعدة الأغذية'!$E$5:$E$604,$S93)) | S93: =IF(B93="","",IFERROR(MATCH(B93,'Pro قاعدة الأغذية'!$C$5:$C$604,0),""))
D94: =IF(OR($S94="",N($C94)=0),"",$C94/100*N(INDEX('Pro قاعدة الأغذية'!$F$5:$F$604,$S94))) | E94: =IF(OR($S94="",N($C94)=0),"",$C94/100*N(INDEX('Pro قاعدة الأغذية'!$G$5:$G$604,$S94))) | F94: =IF(OR($S94="",N($C94)=0),"",$C94/100*N(INDEX('Pro قاعدة الأغذية'!$H$5:$H$604,$S94))) | G94: =IF(OR($S94="",N($C94)=0),"",$C94/100*N(INDEX('Pro قاعدة الأغذية'!$I$5:$I$604,$S94))) | H94: =IF(OR($S94="",N($C94)=0),"",$C94/100*N(INDEX('Pro قاعدة الأغذية'!$J$5:$J$604,$S94))) | I94: =IF(OR($S94="",N($C94)=0),"",$C94/100*N(INDEX('Pro قاعدة الأغذية'!$L$5:$L$604,$S94))) | J94: =IF($S94="","",INDEX('Pro قاعدة الأغذية'!$E$5:$E$604,$S94)) | S94: =IF(B94="","",IFERROR(MATCH(B94,'Pro قاعدة الأغذية'!$C$5:$C$604,0),""))
B95: مجموع الوجبة | C95: =SUM(C89:C94) -> 0 | D95: =SUM(D89:D94) -> 0 | E95: =SUM(E89:E94) -> 0 | F95: =SUM(F89:F94) -> 0 | G95: =SUM(G89:G94) -> 0 | H95: =SUM(H89:H94) -> 0 | I95: =SUM(I89:I94) -> 0 | K95: =IF(AND(('Pro إعدادات'!$C$38="نعم"),IF($T$52=1,'Pro إعدادات'!$G$39,'Pro إعدادات'!$D$39)>0),'Pro ملف الرياضي'!$H$24*IF($T$52=1,'Pro إعدادات'!$G$38,'Pro إعدادات'!$D$38)/IF($T$52=1,'Pro إعدادات'!$G$39,'Pro إعدادات'!$D$39),0) -> 0 | L95: =IF(AND(('Pro إعدادات'!$C$38="نعم"),IF($T$52=1,'Pro إعدادات'!$H$39,'Pro إعدادات'!$E$39)>0),'Pro ملف الرياضي'!$I$24*IF($T$52=1,'Pro إعدادات'!$H$38,'Pro إعدادات'!$E$38)/IF($T$52=1,'Pro إعدادات'!$H$39,'Pro إعدادات'!$E$39),0) -> 0 | M95: =IF(AND(('Pro إعدادات'!$C$38="نعم"),IF($T$52=1,'Pro إعدادات'!$I$39,'Pro إعدادات'!$F$39)>0),'Pro ملف الرياضي'!$J$24*IF($T$52=1,'Pro إعدادات'!$I$38,'Pro إعدادات'!$F$38)/IF($T$52=1,'Pro إعدادات'!$I$39,'Pro إعدادات'!$F$39),0) -> 0 | N95: =4*K95+4*L95+9*M95 -> 0 | O95: =E95-K95 -> 0 | P95: =F95-L95 -> 0 | Q95: =G95-M95 -> 0
B96: مجموع اليوم | C96: =C60+C67+C74+C81+C88+C95 -> 0 | D96: =D60+D67+D74+D81+D88+D95 -> 0 | E96: =E60+E67+E74+E81+E88+E95 -> 0 | F96: =F60+F67+F74+F81+F88+F95 -> 0 | G96: =G60+G67+G74+G81+G88+G95 -> 0 | H96: =H60+H67+H74+H81+H88+H95 -> 0 | I96: =I60+I67+I74+I81+I88+I95 -> 0 | K96: =K60+K67+K74+K81+K88+K95 -> 144 | L96: =L60+L67+L74+L81+L88+L95 -> 400 | M96: =M60+M67+M74+M81+M88+M95 -> 72 | N96: =N60+N67+N74+N81+N88+N95 -> 2824
B97: الفرق عن هدف اليوم | D97: =D96-'Pro ملف الرياضي'!G24 -> -2670.75 | E97: =E96-'Pro ملف الرياضي'!H24 -> -144 | F97: =F96-'Pro ملف الرياضي'!I24 -> -400 | G97: =G96-'Pro ملف الرياضي'!J24 -> -72
B98: الحالة | D98: =IF(AND(ABS(E97)<='Pro إعدادات'!$B$28*2,ABS(F97)<='Pro إعدادات'!$B$28*3,ABS(G97)<='Pro إعدادات'!$B$28*2),"✔ ضمن السماحية","◐ راجع الفروقات") -> ◐ راجع الفروقات
A100: ="الثلاثاء — "&'Pro ملف الرياضي'!B25&" | الهدف: "&ROUND('Pro ملف الرياضي'!G25,0)&" kcal • بروتين "&ROUND('Pro ملف الرياضي'!H25,0)&" جم • كارب "&ROUND('Pro ملف الرياضي'!I25,0)&" جم • دهون "&ROUND('Pro ملف الرياضي'!J25,0)&" جم" -> الثلاثاء — راحة | الهدف: 2311 kcal • بروتين 144 جم • كارب 240 جم • دهون 72 جم | T100: =IF(INDEX('Pro إعدادات'!$D$14:$D$19,MATCH('Pro ملف الرياضي'!B25,'Pro إعدادات'!$A$14:$A$19,0))="نعم",1,0) -> 0
A101: الوجبة | B101: الصنف | C101: جرام | D101: kcal | E101: بروتين g | F101: كارب g | G101: دهون g | H101: ألياف g | I101: صوديوم mg | J101: الحالة | K101: هدف بروتين | L101: هدف كارب | M101: هدف دهون | N101: هدف kcal | O101: فرق بروتين | P101: فرق كارب | Q101: فرق دهون
A102: ='Pro إعدادات'!A33&" ("&'Pro إعدادات'!B33&")" -> الإفطار (07:30) | D102: =IF(OR($S102="",N($C102)=0),"",$C102/100*N(INDEX('Pro قاعدة الأغذية'!$F$5:$F$604,$S102))) | E102: =IF(OR($S102="",N($C102)=0),"",$C102/100*N(INDEX('Pro قاعدة الأغذية'!$G$5:$G$604,$S102))) | F102: =IF(OR($S102="",N($C102)=0),"",$C102/100*N(INDEX('Pro قاعدة الأغذية'!$H$5:$H$604,$S102))) | G102: =IF(OR($S102="",N($C102)=0),"",$C102/100*N(INDEX('Pro قاعدة الأغذية'!$I$5:$I$604,$S102))) | H102: =IF(OR($S102="",N($C102)=0),"",$C102/100*N(INDEX('Pro قاعدة الأغذية'!$J$5:$J$604,$S102))) | I102: =IF(OR($S102="",N($C102)=0),"",$C102/100*N(INDEX('Pro قاعدة الأغذية'!$L$5:$L$604,$S102))) | J102: =IF($S102="","",INDEX('Pro قاعدة الأغذية'!$E$5:$E$604,$S102)) | S102: =IF(B102="","",IFERROR(MATCH(B102,'Pro قاعدة الأغذية'!$C$5:$C$604,0),""))
D103: =IF(OR($S103="",N($C103)=0),"",$C103/100*N(INDEX('Pro قاعدة الأغذية'!$F$5:$F$604,$S103))) | E103: =IF(OR($S103="",N($C103)=0),"",$C103/100*N(INDEX('Pro قاعدة الأغذية'!$G$5:$G$604,$S103))) | F103: =IF(OR($S103="",N($C103)=0),"",$C103/100*N(INDEX('Pro قاعدة الأغذية'!$H$5:$H$604,$S103))) | G103: =IF(OR($S103="",N($C103)=0),"",$C103/100*N(INDEX('Pro قاعدة الأغذية'!$I$5:$I$604,$S103))) | H103: =IF(OR($S103="",N($C103)=0),"",$C103/100*N(INDEX('Pro قاعدة الأغذية'!$J$5:$J$604,$S103))) | I103: =IF(OR($S103="",N($C103)=0),"",$C103/100*N(INDEX('Pro قاعدة الأغذية'!$L$5:$L$604,$S103))) | J103: =IF($S103="","",INDEX('Pro قاعدة الأغذية'!$E$5:$E$604,$S103)) | S103: =IF(B103="","",IFERROR(MATCH(B103,'Pro قاعدة الأغذية'!$C$5:$C$604,0),""))
...

Sheet Pro باني الوجبة
A1: Pro — باني الوجبة: يحسب الجرامات لتحقيق هدف بروتين/كارب/دهون
A2: اكتب هدف الوجبة بالجرام، واختر مصدر بروتين ومصدر كارب ومصدر دهون (ويمكن إضافة صنف ثابت بجرام معلوم)؛ يحل النظام معادلات الماكروز ويعرض الجرامات (مقرَّبة لأقرب 5 جم) والماكروز الناتج.
A4: هدف البروتين (جم) | B4: 40
A5: هدف الكارب (جم) | B5: 70
A6: هدف الدهون (جم) | B6: 15
A8: مصدر البروتين | B8: صدر دجاج بلا جلد مشوي
A9: مصدر الكارب | B9: أرز أبيض مطبوخ
A10: مصدر الدهون | B10: زيت زيتون
A11: صنف ثابت (اختياري) | B11: بروكلي مسلوق
A12: جرامات الصنف الثابت | B12: 100
B14: بروتين/جم | C14: كارب/جم | D14: دهون/جم
A15: =B8 -> صدر دجاج بلا جلد مشوي | B15: =IFERROR(INDEX('Pro قاعدة الأغذية'!$G$5:$G$604,MATCH(B8,'Pro قاعدة الأغذية'!$C$5:$C$604,0))/100,0) -> 0.31 | C15: =IFERROR(INDEX('Pro قاعدة الأغذية'!$H$5:$H$604,MATCH(B8,'Pro قاعدة الأغذية'!$C$5:$C$604,0))/100,0) -> 0 | D15: =IFERROR(INDEX('Pro قاعدة الأغذية'!$I$5:$I$604,MATCH(B8,'Pro قاعدة الأغذية'!$C$5:$C$604,0))/100,0) -> 0.0357
A16: =B9 -> أرز أبيض مطبوخ | B16: =IFERROR(INDEX('Pro قاعدة الأغذية'!$G$5:$G$604,MATCH(B9,'Pro قاعدة الأغذية'!$C$5:$C$604,0))/100,0) -> 0.0269 | C16: =IFERROR(INDEX('Pro قاعدة الأغذية'!$H$5:$H$604,MATCH(B9,'Pro قاعدة الأغذية'!$C$5:$C$604,0))/100,0) -> 0.282 | D16: =IFERROR(INDEX('Pro قاعدة الأغذية'!$I$5:$I$604,MATCH(B9,'Pro قاعدة الأغذية'!$C$5:$C$604,0))/100,0) -> 0.0028
A17: =B10 -> زيت زيتون | B17: =IFERROR(INDEX('Pro قاعدة الأغذية'!$G$5:$G$604,MATCH(B10,'Pro قاعدة الأغذية'!$C$5:$C$604,0))/100,0) -> 0 | C17: =IFERROR(INDEX('Pro قاعدة الأغذية'!$H$5:$H$604,MATCH(B10,'Pro قاعدة الأغذية'!$C$5:$C$604,0))/100,0) -> 0 | D17: =IFERROR(INDEX('Pro قاعدة الأغذية'!$I$5:$I$604,MATCH(B10,'Pro قاعدة الأغذية'!$C$5:$C$604,0))/100,0) -> 1
A18: =B11 -> بروكلي مسلوق | B18: =IFERROR(INDEX('Pro قاعدة الأغذية'!$G$5:$G$604,MATCH(B11,'Pro قاعدة الأغذية'!$C$5:$C$604,0))/100,0) -> 0.0238 | C18: =IFERROR(INDEX('Pro قاعدة الأغذية'!$H$5:$H$604,MATCH(B11,'Pro قاعدة الأغذية'!$C$5:$C$604,0))/100,0) -> 0.0718 | D18: =IFERROR(INDEX('Pro قاعدة الأغذية'!$I$5:$I$604,MATCH(B11,'Pro قاعدة الأغذية'!$C$5:$C$604,0))/100,0) -> 0.0041
B19: بروتين | C19: كارب | D19: دهون
A20: الهدف بعد خصم الصنف الثابت | B20: =B4-B12*B18 -> 37.62 | C20: =B5-B12*C18 -> 62.82 | D20: =B6-B12*D18 -> 14.59
A22: المحدد (det) | B22: =(B15*(C16*D17-C17*D16)-B16*(C15*D17-C17*D15)+B17*(C15*D16-C16*D15)) -> 0.08742
A23: محددات كرامر | B23: =(B20*(C16*D17-C17*D16)-B16*(C20*D17-C17*D20)+B17*(C20*D16-C16*D20)) -> 8.918982 | C23: =(B15*(C20*D17-C17*D20)-B20*(C15*D17-C17*D15)+B17*(C15*D20-C20*D15)) -> 19.4742 | D23: =(B15*(C16*D20-C20*D16)-B16*(C15*D20-C20*D15)+B20*(C15*D16-C16*D15)) -> 0.90252238
A25: النتيجة (جرام) | B25: مصدر البروتين | C25: مصدر الكارب | D25: مصدر الدهون | E25: الصنف الثابت
A26: الجرامات (مقرَّبة لأقرب 5) | B26: =IF(ABS($B$22)<0.0000001,"تعذّر الحل",IF(B23/$B$22<0,"سالب — بدّل الأصناف",MROUND(B23/$B$22,5))) -> 100 | C26: =IF(ABS($B$22)<0.0000001,"تعذّر الحل",IF(C23/$B$22<0,"سالب — بدّل الأصناف",MROUND(C23/$B$22,5))) -> 225 | D26: =IF(ABS($B$22)<0.0000001,"تعذّر الحل",IF(D23/$B$22<0,"سالب — بدّل الأصناف",MROUND(D23/$B$22,5))) -> 10 | E26: =B12 -> 100
A27: الأصناف | B27: =B8 -> صدر دجاج بلا جلد مشوي | C27: =B9 -> أرز أبيض مطبوخ | D27: =B10 -> زيت زيتون | E27: =B11 -> بروكلي مسلوق
A29: الماكروز الناتج | B29: بروتين | C29: كارب | D29: دهون | E29: kcal
A30: الناتج | B30: =N(B26)*B15+N(C26)*B16+N(D26)*B17+E26*B18 -> 39.4325 | C30: =N(B26)*C15+N(C26)*C16+N(D26)*C17+E26*C18 -> 70.63 | D30: =N(B26)*D15+N(C26)*D16+N(D26)*D17+E26*D18 -> 14.61 | E30: =4*B30+4*C30+9*D30 -> 571.74
A31: الفرق عن الهدف | B31: =B30-B4 -> -0.5675 | C31: =C30-B5 -> 0.63 | D31: =D30-B6 -> -0.39

Sheet Pro قاعدة الأغذية
A1: Pro — قاعدة الأغذية بالجرام (القيم لكل 100 جم) — المصدر: USDA FoodData Central
A2: القيم لكل 100 جم من الغذاء بحالته المذكورة (نيء/مطبوخ). أضف أصنافاً في الصفوف الفارغة (حتى 600 صنف) بنسخ صفوف من ملف Pro_Foods_Database.xlsx أو من ملصق المنتج. لا تحوّل بين النيء والمطبوخ دون معامل مُوثَّق.
A4: ID | B4: المجموعة | C4: الاسم | D4: الوصف (English) | E4: الحالة | F4: kcal | G4: بروتين g | H4: كربوهيدرات g | I4: دهون g | J4: ألياف g | K4: سكريات g | L4: صوديوم mg | M4: المصدر | N4: نشط
A5: P001 | B5: نشويات وحبوب | C5: أرز أبيض مطبوخ | D5: Rice, white, long-grain, regular, enriched, cooked | E5: مطبوخ | F5: 130 | G5: 2.69 | H5: 28.2 | I5: 0.28 | J5: 0.4 | K5: 0.05 | L5: 1 | M5: USDA SR Legacy 2018-04 (NDB 20045 / FDC 168878) | N5: نعم
A6: P002 | B6: نشويات وحبوب | C6: أرز أبيض نيء | D6: Rice, white, long-grain, regular, raw, enriched | E6: نيء | F6: 365 | G6: 7.13 | H6: 80 | I6: 0.66 | J6: 1.3 | K6: 0.12 | L6: 5 | M6: USDA SR Legacy 2018-04 (NDB 20044 / FDC 168877) | N6: نعم
A7: P003 | B7: نشويات وحبوب | C7: أرز بني مطبوخ | D7: Rice, brown, long-grain, cooked (Includes foods for USDA's Food Distribution Program) | E7: مطبوخ | F7: 123 | G7: 2.74 | H7: 25.6 | I7: 0.97 | J7: 1.6 | K7: 0.24 | L7: 4 | M7: USDA SR Legacy 2018-04 (NDB 20037 / FDC 169704) | N7: نعم
A8: P004 | B8: نشويات وحبوب | C8: أرز بني نيء | D8: Rice, brown, long-grain, raw (Includes foods for USDA's Food Distribution Program) | E8: نيء | F8: 367 | G8: 7.54 | H8: 76.2 | I8: 3.2 | J8: 3.6 | K8: 0.66 | L8: 5 | M8: USDA SR Legacy 2018-04 (NDB 20036 / FDC 169703) | N8: نعم
A9: P005 | B9: نشويات وحبوب | C9: معكرونة مطبوخة | D9: Pasta, cooked, enriched, without added salt | E9: مطبوخ | F9: 158 | G9: 5.8 | H9: 30.9 | I9: 0.93 | J9: 1.8 | K9: 0.56 | L9: 1 | M9: USDA SR Legacy 2018-04 (NDB 20121 / FDC 169737) | N9: نعم
A10: P006 | B10: نشويات وحبوب | C10: معكرونة جافة | D10: Pasta, dry, enriched | E10: مجفّف/جاف | F10: 371 | G10: 13 | H10: 74.7 | I10: 1.51 | J10: 3.2 | K10: 2.67 | L10: 6 | M10: USDA SR Legacy 2018-04 (NDB 20120 / FDC 169736) | N10: نعم
A11: P007 | B11: نشويات وحبوب | C11: معكرونة قمح كامل مطبوخة | D11: Pasta, whole-wheat, cooked (Includes foods for USDA's Food Distribution Program) | E11: مطبوخ | F11: 149 | G11: 5.99 | H11: 30.1 | I11: 1.71 | J11: 3.9 | K11: 0.75 | L11: 4 | M11: USDA SR Legacy 2018-04 (NDB 20125 / FDC 168910) | N11: نعم
A12: P008 | B12: نشويات وحبوب | C12: كسكس مطبوخ | D12: Couscous, cooked | E12: مطبوخ | F12: 112 | G12: 3.79 | H12: 23.2 | I12: 0.16 | J12: 1.4 | K12: 0.1 | L12: 5 | M12: USDA SR Legacy 2018-04 (NDB 20029 / FDC 169700) | N12: نعم
A13: P009 | B13: نشويات وحبوب | C13: برغل مطبوخ | D13: Bulgur, cooked | E13: مطبوخ | F13: 83 | G13: 3.08 | H13: 18.6 | I13: 0.24 | J13: 4.5 | K13: 0.1 | L13: 5 | M13: USDA SR Legacy 2018-04 (NDB 20013 / FDC 170287) | N13: نعم
A14: P010 | B14: نشويات وحبوب | C14: برغل جاف | D14: Bulgur, dry | E14: مجفّف/جاف | F14: 342 | G14: 12.3 | H14: 75.9 | I14: 1.33 | J14: 12.5 | K14: 0.41 | L14: 17 | M14: USDA SR Legacy 2018-04 (NDB 20012 / FDC 170688) | N14: نعم
A15: P011 | B15: نشويات وحبوب | C15: كينوا مطبوخة | D15: Quinoa, cooked | E15: مطبوخ | F15: 120 | G15: 4.4 | H15: 21.3 | I15: 1.92 | J15: 2.8 | K15: 0.87 | L15: 7 | M15: USDA SR Legacy 2018-04 (NDB 20137 / FDC 168917) | N15: نعم
A16: P012 | B16: نشويات وحبوب | C16: شوفان جاف | D16: Cereals, oats, regular and quick, not fortified, dry | E16: مجفّف/جاف | F16: 379 | G16: 13.2 | H16: 67.7 | I16: 6.52 | J16: 10.1 | K16: 0.99 | L16: 6 | M16: USDA SR Legacy 2018-04 (NDB 8120 / FDC 173904) | N16: نعم
... A21: P017 | B21: نشويات وحبوب | C21: خبز بيتا (عربي) قمح كامل | D21: Bread, pita, whole-wheat | E21: غير محدد | F21: 262 | G21: 9.8 | H21: 55.9 | I21: 1.71 | J21: 6.1 | K21: 2.87 | L21: 421 | M21: USDA SR Legacy 2018-04 (NDB 18042 / FDC 174916) | N21: نعم
A22: P018 | B22: نشويات وحبوب | C22: تورتيلا دقيق | D22: Tortillas, ready-to-bake or -fry, flour, without added calcium | E22: غير محدد | F22: 325 | G22: 8.7 | H22: 55.6 | I22: 7.1 | J22: 3.3 | L22: 478 | M22: USDA SR Legacy 2018-04 (NDB 18450 / FDC 173242) | N22: نعم
A23: P019 | B23: نشويات وحبوب | C23: بطاطس مسلوقة (بدون قشر) | D23: Potatoes, boiled, cooked without skin, flesh, without salt | E23: مطبوخ | F23: 86 | G23: 1.71 | H23: 20 | I23: 0.1 | J23: 1.8 | K23: 0.89 | L23: 5 | M23: USDA SR Legacy 2018-04 (NDB 11367 / FDC 170440) | N23: نعم
A24: P020 | B24: نشويات وحبوب | C24: بطاطس مشوية (مع القشر) | D24: Potatoes, baked, flesh and skin, without salt | E24: مطبوخ | F24: 93 | G24: 2.5 | H24: 21.2 | I24: 0.13 | J24: 2.2 | K24: 1.18 | L24: 10 | M24: USDA SR Legacy 2018-04 (NDB 11674 / FDC 170093) | N24: نعم
A25: P021 | B25: نشويات وحبوب | C25: بطاطا حلوة مشوية | D25: Sweet potato, cooked, baked in skin, flesh, without salt | E25: مطبوخ | F25: 90 | G25: 2.01 | H25: 20.7 | I25: 0.15 | J25: 3.3 | K25: 6.48 | L25: 36 | M25: USDA SR Legacy 2018-04 (NDB 11508 / FDC 168483) | N25: نعم
A26: P022 | B26: نشويات وحبوب | C26: بطاطا حلوة مسلوقة | D26: Sweet potato, cooked, boiled, without skin | E26: مطبوخ | F26: 76 | G26: 1.37 | H26: 17.7 | I26: 0.14 | J26: 2.5 | K26: 5.74 | L26: 27 | M26: USDA SR Legacy 2018-04 (NDB 11510 / FDC 168484) | N26: نعم
A27: P023 | B27: نشويات وحبوب | C27: ذرة حلوة مسلوقة | D27: Corn, sweet, yellow, cooked, boiled, drained, without salt | E27: مطبوخ | F27: 96 | G27: 3.41 | H27: 21 | I27: 1.5 | J27: 2.4 | K27: 4.54 | L27: 1 | M27: USDA SR Legacy 2018-04 (NDB 11168 / FDC 169999) | N27: نعم
A28: P024 | B28: نشويات وحبوب | C28: رقائق الذرة (كورن فليكس — علامة تجارية) | D28: Cereals ready-to-eat, RALSTON Corn Flakes | E28: غير محدد | F28: 384 | G28: 5.9 | H28: 88 | I28: 0.91 | J28: 2.7 | K28: 7.84 | L28: 571 | M28: USDA SR Legacy 2018-04 (NDB 8506 / FDC 174648) | N28: نعم
A29: P025 | B29: بقوليات | C29: عدس مسلوق | D29: Lentils, mature seeds, cooked, boiled, without salt | E29: مطبوخ | F29: 116 | G29: 9.02 | H29: 20.1 | I29: 0.38 | J29: 7.9 | K29: 1.8 | L29: 2 | M29: USDA SR Legacy 2018-04 (NDB 16070 / FDC 172421) | N29: نعم
A30: P026 | B30: بقوليات | C30: عدس جاف | D30: Lentils, raw | E30: نيء | F30: 352 | G30: 24.6 | H30: 63.4 | I30: 1.06 | J30: 10.7 | K30: 2.03 | L30: 6 | M30: USDA SR Legacy 2018-04 (NDB 16069 / FDC 172420) | N30: نعم
A31: P027 | B31: بقوليات | C31: حمص مسلوق | D31: Chickpeas (garbanzo beans, bengal gram), mature seeds, cooked, boiled, without salt | E31: مطبوخ | F31: 164 | G31: 8.86 | H31: 27.4 | I31: 2.59 | J31: 7.6 | K31: 4.8 | L31: 7 | M31: USDA SR Legacy 2018-04 (NDB 16057 / FDC 173757) | N31: نعم
A32: P028 | B32: بقوليات | C32: فاصوليا حمراء (كيدني) مسلوقة | D32: Beans, kidney, red, mature seeds, cooked, boiled, without salt | E32: مطبوخ | F32: 127 | G32: 8.67 | H32: 22.8 | I32: 0.5 | J32: 7.4 | K32: 0.32 | L32: 2 | M32: USDA SR Legacy 2018-04 (NDB 16033 / FDC 175194) | N32: نعم
A33: P029 | B33: بقوليات | C33: فاصوليا سوداء مسلوقة | D33: Beans, black, mature seeds, cooked, boiled, without salt | E33: مطبوخ | F33: 132 | G33: 8.86 | H33: 23.7 | I33: 0.54 | J33: 8.7 | K33: 0.32 | L33: 1 | M33: USDA SR Legacy 2018-04 (NDB 16015 / FDC 173735) | N33: نعم
A34: P030 | B34: بقوليات | C34: فاصوليا بيضاء مسلوقة | D34: Beans, white, mature seeds, cooked, boiled, without salt | E34: مطبوخ | F34: 139 | G34: 9.73 | H34: 25.1 | I34: 0.35 | J34: 6.3 | K34: 0.34 | L34: 6 | M34: USDA SR Legacy 2018-04 (NDB 16050 / FDC 175203) | N34: نعم
... A37: P033 | B37: بقوليات | C37: حمص بالطحينة (هوموس) | D37: Hummus, commercial | E37: غير محدد | F37: 237 | G37: 7.78 | H37: 15 | I37: 17.8 | J37: 5.5 | K37: 0.62 | L37: 426 | M37: USDA SR Legacy 2018-04 (NDB 16158 / FDC 174289) | N37: نعم
A38: P034 | B38: بقوليات | C38: فلافل | D38: Falafel, home-prepared | E38: غير محدد | F38: 333 | G38: 13.3 | H38: 31.8 | I38: 17.8 | L38: 294 | M38: USDA SR Legacy 2018-04 (NDB 16138 / FDC 172455) | N38: نعم
A39: P035 | B39: بروتين | C39: صدر دجاج بلا جلد مشوي | D39: Chicken, broilers or fryers, breast, meat only, cooked, roasted | E39: مطبوخ | F39: 165 | G39: 31 | H39: 0 | I39: 3.57 | J39: 0 | K39: 0 | L39: 74 | M39: USDA SR Legacy 2018-04 (NDB 5064 / FDC 171477) | N39: نعم
A40: P036 | B40: بروتين | C40: فخذ دجاج بلا جلد مشوي | D40: Chicken, broilers or fryers, thigh, meat only, cooked, roasted | E40: مطبوخ | F40: 179 | G40: 24.8 | H40: 0 | I40: 8.15 | J40: 0 | K40: 0 | L40: 106 | M40: USDA SR Legacy 2018-04 (NDB 5098 / FDC 172388) | N40: نعم
A41: P037 | B41: بروتين | C41: صدر ديك رومي مشوي | D41: Turkey, whole, breast, meat only, cooked, roasted | E41: مطبوخ | F41: 147 | G41: 30.1 | H41: 0 | I41: 2.08 | J41: 0 | K41: 0 | L41: 99 | M41: USDA SR Legacy 2018-04 (NDB 5220 / FDC 171496) | N41: نعم
A42: P038 | B42: بروتين | C42: لحم بقري مفروم 90/10 مطبوخ | D42: Beef, ground, 90% lean meat / 10% fat, patty, cooked, broiled | E42: مطبوخ | F42: 217 | G42: 26.1 | H42: 0 | I42: 11.8 | J42: 0 | K42: 0 | L42: 68 | M42: USDA SR Legacy 2018-04 (NDB 23563 / FDC 174031) | N42: نعم
A43: P039 | B43: بروتين | C43: لحم بقري مفروم 80/20 مطبوخ | D43: Beef, ground, 80% lean meat / 20% fat, patty, cooked, broiled | E43: مطبوخ | F43: 270 | G43: 25.8 | H43: 0 | I43: 17.8 | J43: 0 | K43: 0 | L43: 75 | M43: USDA SR Legacy 2018-04 (NDB 23573 / FDC 171797) | N43: نعم
A44: P040 | B44: بروتين | C44: ستيك بقري قليل الدهن مشوي | D44: Beef, top sirloin, steak, separable lean only, trimmed to 0" fat, choice, cooked, broiled | E44: مطبوخ | F44: 188 | G44: 30.3 | H44: 0 | I44: 6.55 | J44: 0 | K44: 0 | L44: 63 | M44: USDA SR Legacy 2018-04 (NDB 13455 / FDC 168635) | N44: نعم
A45: P041 | B45: بروتين | C45: لحم غنم (ساق) قليل الدهن مشوي | D45: Lamb, leg, shank half, separable lean only, trimmed to 1/4" fat, choice, cooked, roasted | E45: مطبوخ | F45: 180 | G45: 28.2 | H45: 0 | I45: 6.67 | J45: 0 | L45: 66 | M45: USDA SR Legacy 2018-04 (NDB 17018 / FDC 172487) | N45: نعم
A46: P042 | B46: بروتين | C46: بيض كامل مسلوق | D46: Egg, whole, cooked, hard-boiled | E46: مطبوخ | F46: 155 | G46: 12.6 | H46: 1.12 | I46: 10.6 | J46: 0 | K46: 1.12 | L46: 124 | M46: USDA SR Legacy 2018-04 (NDB 1129 / FDC 173424) | N46: نعم
A47: P043 | B47: بروتين | C47: بيض كامل نيء | D47: Egg, whole, raw, fresh | E47: نيء | F47: 143 | G47: 12.6 | H47: 0.72 | I47: 9.51 | J47: 0 | K47: 0.37 | L47: 142 | M47: USDA SR Legacy 2018-04 (NDB 1123 / FDC 171287) | N47: نعم
A48: P044 | B48: بروتين | C48: بياض بيض نيء | D48: Egg, white, raw, fresh | E48: نيء | F48: 52 | G48: 10.9 | H48: 0.73 | I48: 0.17 | J48: 0 | K48: 0.71 | L48: 166 | M48: USDA SR Legacy 2018-04 (NDB 1124 / FDC 172183) | N48: نعم
A49: P045 | B49: بروتين | C49: تونة معلبة بالماء | D49: Fish, tuna, light, canned in water, drained solids (Includes foods for USDA's Food Distribution Program) | E49: معلّب | F49: 86 | G49: 19.4 | H49: 0 | I49: 0.96 | J49: 0 | K49: 0 | L49: 247 | M49: USDA SR Legacy 2018-04 (NDB 15121 / FDC 173709) | N49: نعم
A50: P046 | B50: بروتين | C50: تونة معلبة بالزيت | D50: Fish, tuna, light, canned in oil, drained solids | E50: معلّب | F50: 198 | G50: 29.1 | H50: 0 | I50: 8.21 | J50: 0 | K50: 0 | L50: 416 | M50: USDA SR Legacy 2018-04 (NDB 15119 / FDC 173708) | N50: نعم
A51: P047 | B51: بروتين | C51: سلمون أطلسي (مزارع) مطبوخ | D51: Fish, salmon, Atlantic, farmed, cooked, dry heat | E51: مطبوخ | F51: 206 | G51: 22.1 | H51: 0 | I51: 12.4 | J51: 0 | K51: 0 | L51: 61 | M51: USDA SR Legacy 2018-04 (NDB 15237 / FDC 175168) | N51: نعم
A52: P048 | B52: بروتين | C52: بلطي مطبوخ | D52: Fish, tilapia, cooked, dry heat | E52: مطبوخ | F52: 128 | G52: 26.2 | H52: 0 | I52: 2.65 | J52: 0 | K52: 0 | L52: 56 | M52: USDA SR Legacy 2018-04 (NDB 15262 / FDC 175177) | N52: نعم
A53: P049 | B53: بروتين | C53: سمك قد مطبوخ | D53: Fish, cod, Atlantic, cooked, dry heat | E53: مطبوخ | F53: 105 | G53: 22.8 | H53: 0 | I53: 0.86 | J53: 0 | K53: 0 | L53: 78 | M53: USDA SR Legacy 2018-04 (NDB 15016 / FDC 171956) | N53: نعم
A54: P050 | B54: بروتين | C54: روبيان (جمبري) مطبوخ | D54: Crustaceans, shrimp, mixed species, cooked, moist heat (may contain additives to retain moisture) | E54: مطبوخ | F54: 119 | G54: 22.8 | H54: 1.52 | I54: 1.7 | J54: 0 | K54: 0 | L54: 947 | M54: USDA SR Legacy 2018-04 (NDB 15151 / FDC 171971) | N54: نعم
A55: P051 | B55: بروتين | C55: سردين معلب بالزيت | D55: Fish, sardine, Atlantic, canned in oil, drained solids with bone | E55: معلّب | F55: 208 | G55: 24.6 | H55: 0 | I55: 11.4 | J55: 0 | K55: 0 | L55: 307 | M55: USDA SR Legacy 2018-04 (NDB 15088 / FDC 175139) | N55: نعم
A56: P052 | B56: بروتين | C56: بروتين مصل اللبن (بودرة) | D56: Beverages, Protein powder whey based | E56: غير محدد | F56: 352 | G56: 78.1 | H56: 6.25 | I56: 1.56 | J56: 3.1 | K56: 0 | L56: 156 | M56: USDA SR Legacy 2018-04 (NDB 14066 / FDC 173180) | N56: نعم
A57: P053 | B57: ألبان | C57: جبنة قريش 2% | D57: Cheese, cottage, lowfat, 2% milkfat | E57: غير محدد | F57: 81 | G57: 10.4 | H57: 4.76 | I57: 2.27 | J57: 0 | K57: 4 | L57: 308 | M57: USDA SR Legacy 2018-04 (NDB 1015 / FDC 172182) | N57: نعم
... A72: P068 | B72: دهون ومكسرات | C72: زبدة الفول السوداني | D72: Peanut butter, smooth style, with salt (Includes foods for USDA's Food Distribution Program) | E72: غير محدد | F72: 598 | G72: 22.2 | H72: 22.3 | I72: 51.4 | J72: 5 | K72: 10.5 | L72: 426 | M72: USDA SR Legacy 2018-04 (NDB 16098 / FDC 174266) | N72: نعم
A73: P069 | B73: دهون ومكسرات | C73: طحينة | D73: Seeds, sesame butter, tahini, from raw and stone ground kernels | E73: نيء | F73: 570 | G73: 17.8 | H73: 26.2 | I73: 48 | J73: 9.3 | L73: 74 | M73: USDA SR Legacy 2018-04 (NDB 12198 / FDC 169410) | N73: نعم
A74: P070 | B74: دهون ومكسرات | C74: لوز | D74: Nuts, almonds | E74: غير محدد | F74: 579 | G74: 21.2 | H74: 21.6 | I74: 49.9 | J74: 12.5 | K74: 4.35 | L74: 1 | M74: USDA SR Legacy 2018-04 (NDB 12061 / FDC 170567) | N74: نعم
A75: P071 | B75: دهون ومكسرات | C75: جوز | D75: Nuts, walnuts, english | E75: غير محدد | F75: 654 | G75: 15.2 | H75: 13.7 | I75: 65.2 | J75: 6.7 | K75: 2.61 | L75: 2 | M75: USDA SR Legacy 2018-04 (NDB 12155 / FDC 170187) | N75: نعم
A76: P072 | B76: دهون ومكسرات | C76: كاجو نيء | D76: Nuts, cashew nuts, raw | E76: نيء | F76: 553 | G76: 18.2 | H76: 30.2 | I76: 43.8 | J76: 3.3 | K76: 5.91 | L76: 12 | M76: USDA SR Legacy 2018-04 (NDB 12087 / FDC 170162) | N76: نعم
A77: P073 | B77: دهون ومكسرات | C77: فستق حلبي نيء | D77: Nuts, pistachio nuts, raw | E77: نيء | F77: 560 | G77: 20.2 | H77: 27.2 | I77: 45.3 | J77: 10.6 | K77: 7.66 | L77: 1 | M77: USDA SR Legacy 2018-04 (NDB 12151 / FDC 170184) | N77: نعم
A78: P074 | B78: دهون ومكسرات | C78: فول سوداني نيء | D78: Peanuts, all types, raw | E78: نيء | F78: 567 | G78: 25.8 | H78: 16.1 | I78: 49.2 | J78: 8.5 | K78: 4.72 | L78: 18 | M78: USDA SR Legacy 2018-04 (NDB 16087 / FDC 172430) | N78: نعم
A79: P075 | B79: دهون ومكسرات | C79: أفوكادو | D79: Avocados, raw, all commercial varieties | E79: نيء | F79: 160 | G79: 2 | H79: 8.53 | I79: 14.7 | J79: 6.7 | K79: 0.66 | L79: 7 | M79: USDA SR Legacy 2018-04 (NDB 9037 / FDC 171705) | N79: نعم
A80: P076 | B80: دهون ومكسرات | C80: بذور الشيا | D80: Seeds, chia seeds, dried | E80: مجفّف/جاف | F80: 486 | G80: 16.5 | H80: 42.1 | I80: 30.7 | J80: 34.4 | L80: 16 | M80: USDA SR Legacy 2018-04 (NDB 12006 / FDC 170554) | N80: نعم
A81: P077 | B81: دهون ومكسرات | C81: زيتون أسود معلب | D81: Olives, ripe, canned (small-extra large) | E81: معلّب | F81: 116 | G81: 0.84 | H81: 6.04 | I81: 10.9 | J81: 1.6 | K81: 0 | L81: 735 | M81: USDA SR Legacy 2018-04 (NDB 9193 / FDC 169094) | N81: نعم
A82: P078 | B82: فواكه وسكريات | C82: موز | D82: Bananas, raw | E82: نيء | F82: 89 | G82: 1.09 | H82: 22.8 | I82: 0.33 | J82: 2.6 | K82: 12.2 | L82: 1 | M82: USDA SR Legacy 2018-04 (NDB 9040 / FDC 173944) | N82: نعم
A83: P079 | B83: فواكه وسكريات | C83: تفاح بقشره | D83: Apples, raw, with skin (Includes foods for USDA's Food Distribution Program) | E83: نيء | F83: 52 | G83: 0.26 | H83: 13.8 | I83: 0.17 | J83: 2.4 | K83: 10.4 | L83: 1 | M83: USDA SR Legacy 2018-04 (NDB 9003 / FDC 171688) | N83: نعم
A84: P080 | B84: فواكه وسكريات | C84: برتقال | D84: Oranges, raw, all commercial varieties | E84: نيء | F84: 47 | G84: 0.94 | H84: 11.8 | I84: 0.12 | J84: 2.4 | K84: 9.35 | L84: 0 | M84: USDA SR Legacy 2018-04 (NDB 9200 / FDC 169097) | N84: نعم
A85: P081 | B85: فواكه وسكريات | C85: تمر مجدول | D85: Dates, medjool | E85: غير محدد | F85: 277 | G85: 1.81 | H85: 75 | I85: 0.15 | J85: 6.7 | K85: 66.5 | L85: 1 | M85: USDA SR Legacy 2018-04 (NDB 9421 / FDC 168191) | N85: نعم
A86: P082 | B86: فواكه وسكريات | C86: تمر دقلة نور | D86: Dates, deglet noor | E86: غير محدد | F86: 282 | G86: 2.45 | H86: 75 | I86: 0.39 | J86: 8 | K86: 63.4 | L86: 2 | M86: USDA SR Legacy 2018-04 (NDB 9087 / FDC 171726) | N86: نعم
A87: P083 | B87: فواكه وسكريات | C87: عنب | D87: Grapes, red or green (European type, such as Thompson seedless), raw | E87: نيء | F87: 69 | G87: 0.72 | H87: 18.1 | I87: 0.16 | J87: 0.9 | K87: 15.5 | L87: 2 | M87: USDA SR Legacy 2018-04 (NDB 9132 / FDC 174683) | N87: نعم
A88: P084 | B88: فواكه وسكريات | C88: بطيخ | D88: Watermelon, raw | E88: نيء | F88: 30 | G88: 0.61 | H88: 7.55 | I88: 0.15 | J88: 0.4 | K88: 6.2 | L88: 1 | M88: USDA SR Legacy 2018-04 (NDB 9326 / FDC 167765) | N88: نعم
A89: P085 | B89: فواكه وسكريات | C89: شمام (كانتالوب) | D89: Melons, cantaloupe, raw | E89: نيء | F89: 34 | G89: 0.84 | H89: 8.16 | I89: 0.19 | J89: 0.9 | K89: 7.86 | L89: 16 | M89: USDA SR Legacy 2018-04 (NDB 9181 / FDC 169092) | N89: نعم
A90: P086 | B90: فواكه وسكريات | C90: فراولة | D90: Strawberries, raw | E90: نيء | F90: 32 | G90: 0.67 | H90: 7.68 | I90: 0.3 | J90: 2 | K90: 4.89 | L90: 1 | M90: USDA SR Legacy 2018-04 (NDB 9316 / FDC 167762) | N90: نعم
A91: P087 | B91: فواكه وسكريات | C91: مانجو | D91: Mangos, raw | E91: نيء | F91: 60 | G91: 0.82 | H91: 15 | I91: 0.38 | J91: 1.6 | K91: 13.7 | L91: 1 | M91: USDA SR Legacy 2018-04 (NDB 9176 / FDC 169910) | N91: نعم
A92: P088 | B92: فواكه وسكريات | C92: كمثرى | D92: Pears, raw | E92: نيء | F92: 57 | G92: 0.36 | H92: 15.2 | I92: 0.14 | J92: 3.1 | K92: 9.75 | L92: 1 | M92: USDA SR Legacy 2018-04 (NDB 9252 / FDC 169118) | N92: نعم
... A126: P122 | B126: مشروبات | C126: مشروب رياضي (جاتوريد) | D126: Beverages, PEPSICO QUAKER, Gatorade G2, low calorie | E126: غير محدد | F126: 8 | G126: 0.05 | H126: 1.94 | I126: 0.01 | J126: 0 | K126: 1.3 | L126: 45 | M126: USDA SR Legacy 2018-04 (NDB 14644 / FDC 174178) | N126: نعم

Sheet Pro إعدادات
A1: Pro — الإعدادات (كلها قابلة للتعديل)
A2: القيم نقاط بداية قابلة للتعديل ضمن نطاقات منشورة (راجع المراجع بالأسفل). القرار النهائي للأخصائي.
A3: المراحل
A4: المرحلة | B4: بروتين g/kg | C4: دهون g/kg | D4: تعديل السعرات % | E4: ملاحظة
A5: بناء عضلي (فائض) | B5: 1.8 | C5: 1 | D5: 0.1 | E5: فائض أكبر؛ راقب الزيادة الدهنية
A6: بناء نظيف (فائض صغير) | B6: 2 | C6: 0.9 | D6: 0.05 | E6: فائض صغير
A7: تثبيت / صيانة | B7: 1.8 | C7: 0.9 | D7: 0
A8: إعادة تركيب الجسم | B8: 2.2 | C8: 0.8 | D8: -0.05 | E8: عجز صغير مع بروتين مرتفع
A9: تنشيف | B9: 2.4 | C9: 0.8 | D9: -0.2 | E9: يراجَع أسبوعياً حسب اتجاه الوزن والأداء
A10: ما قبل المنافسة (تنشيف متقدم) | B10: 2.6 | C10: 0.7 | D10: -0.25 | E10: بإشراف الأخصائي وبمراقبة الطاقة المتاحة
A12: أنواع الأيام
A13: نوع اليوم | B13: كربوهيدرات g/kg | C13: سعرات التدريب kcal/دقيقة (تقدير) | D13: يوم تدريب؟
A14: راحة | B14: 3 | C14: 0 | D14: لا
A15: تدريب خفيف | B15: 4 | C15: 5 | D15: نعم
A16: تدريب متوسط | B16: 5 | C16: 6 | D16: نعم
A17: تدريب ثقيل | B17: 6 | C17: 7 | D17: نعم
A18: تدريب عالٍ جداً | B18: 7 | C18: 9 | D18: نعم
A19: يوم ريفيد | B19: 6 | C19: 0 | D19: لا
A21: معاملات عامة
A22: معامل النشاط اليومي خارج التدريب (× BMR) | B22: 1.3
A23: حد أدنى للبروتين g/kg (تحذير) | B23: 1.6
A24: حد أدنى للدهون g/kg (تحذير) | B24: 0.6
A25: حد أدنى للطاقة المتاحة kcal/kg كتلة خالية (تحذير) | B25: 30
A26: الماء مل/كجم | B26: 35
A27: ماء إضافي مل لكل ساعة تدريب | B27: 500
A28: سماحية الماكروز (جرام) للتلوين | B28: 5
A29: حد أدنى للكربوهيدرات g/kg (تحذير) | B29: 2
A31: توزيع الماكروز على الوجبات (يُطبَّع تلقائياً على الوجبات الفعّالة)
A32: الوجبة | B32: الوقت | C32: فعّالة؟ | D32: راحة: بروتين % | E32: راحة: كارب % | F32: راحة: دهون % | G32: تدريب: بروتين % | H32: تدريب: كارب % | I32: تدريب: دهون %
A33: الإفطار | B33: 07:30 | C33: نعم | D33: 0.25 | E33: 0.25 | F33: 0.25 | G33: 0.2 | H33: 0.2 | I33: 0.25
A34: سناك 1 / قبل التدريب | B34: 10:30 | C34: نعم | D34: 0.1 | E34: 0.1 | F34: 0.1 | G34: 0.1 | H34: 0.15 | I34: 0.05
A35: الغداء | B35: 13:30 | C35: نعم | D35: 0.3 | E35: 0.3 | F35: 0.3 | G35: 0.25 | H35: 0.25 | I35: 0.3
A36: سناك 2 / بعد التدريب | B36: 16:30 | C36: نعم | D36: 0.1 | E36: 0.1 | F36: 0.1 | G36: 0.2 | H36: 0.25 | I36: 0.1
A37: العشاء | B37: 20:00 | C37: نعم | D37: 0.25 | E37: 0.25 | F37: 0.25 | G37: 0.25 | H37: 0.15 | I37: 0.3
A38: وجبة ليلية | B38: 22:30 | C38: لا | D38: 0 | E38: 0 | F38: 0 | G38: 0 | H38: 0 | I38: 0
A39: مجموع الفعّالة | D39: =SUMPRODUCT(--($C$33:$C$38="نعم"),D33:D38) -> 1 | E39: =SUMPRODUCT(--($C$33:$C$38="نعم"),E33:E38) -> 1 | F39: =SUMPRODUCT(--($C$33:$C$38="نعم"),F33:F38) -> 1 | G39: =SUMPRODUCT(--($C$33:$C$38="نعم"),G33:G38) -> 1 | H39: =SUMPRODUCT(--($C$33:$C$38="نعم"),H33:H38) -> 1 | I39: =SUMPRODUCT(--($C$33:$C$38="نعم"),I33:I38) -> 1
A41: مراجع نقاط البداية (راجع الأرقام والسنوات قبل الاستشهاد)
A42: • Thomas DT, Erdman KA, Burke LM. Nutrition and Athletic Performance. J Acad Nutr Diet 2016.
A43: • Jäger R et al. ISSN position stand: protein and exercise. JISSN 2017.
A44: • Helms ER, Aragon AA, Fitschen PJ. Natural bodybuilding contest preparation: nutrition and supplementation. JISSN 2014.
A45: • Iraki J et al. Nutrition recommendations for bodybuilders in the off-season. Sports 2019.
A46: • Burke LM et al. Carbohydrates for training and competition. J Sports Sci 2011.
A47: • Loucks AB et al. Energy availability in athletes. J Sports Sci 2011؛ Mountjoy M et al. IOC consensus statement on RED-S (2018, 2023).
A48: • Cunningham JJ. Am J Clin Nutr 1980؛ ten Haaf T, Weijs PJ. Resting metabolic rate in vivo. PLoS One 2014؛ Mifflin MD et al. Am J Clin Nutr 1990.

Sheet Pro إرشادات المراحل
A1: Pro — عبارات دعم وإرشادات لكل مرحلة (قابلة للتعديل)
A2: الأنواع: دعم (عبارة تشجيع تدور على صفحات الأيام) • إرشاد (قاعدة عملية في صفحة المرحلة) • توقع (ماذا نتوقع ومتى نعدّل) • تنبيه (سلامة). أضف أو عدّل أو عطّل (نشطة = لا). يختار ملف Word تلقائياً حسب المرحلة المختارة في «Pro ملف الرياضي».
A4: المرحلة | B4: النوع | C4: النص | D4: نشطة
A5: تنشيف | B5: دعم | C5: العجز المنضبط يصنع النتيجة؛ الصبر والثبات يغلبان التسرّع. | D5: نعم
A6: تنشيف | B6: دعم | C6: كل وجبة تلتزم بها اليوم هي دهن أقل غداً مع عضلاتك محفوظة. | D6: نعم
A7: تنشيف | B7: دعم | C7: الجوع جزء من الرحلة وليس علامة فشل؛ تعامل معه بالماء والخضار والبروتين. | D7: نعم
A8: تنشيف | B8: دعم | C8: لا تقارن يومك بيوم غيرك؛ قارن أسبوعك بأسبوعك الماضي. | D8: نعم
A9: تنشيف | B9: دعم | C9: قوتك في التمرين هي مؤشرك الأهم؛ إن حافظتَ عليها فأنت تحافظ على عضلاتك. | D9: نعم
A10: تنشيف | B10: دعم | C10: يوم تجاوز واحد لا يهدم أسبوعاً؛ عد للخطة في وجبتك التالية. | D10: نعم
A11: تنشيف | B11: دعم | C11: الميزان يتذبذب يومياً بسبب الماء؛ احكم على المتوسط الأسبوعي. | D11: نعم
A12: تنشيف | B12: دعم | C12: أنت أقرب إلى هدفك مما كنت عليه الأسبوع الماضي. | D12: نعم
A13: تنشيف | B13: إرشاد | C13: حافظ على شدة التمرين وأحماله قدر المستطاع؛ الإشارة للجسم أن يُبقي عضلاته. | D13: نعم
A14: تنشيف | B14: إرشاد | C14: ابدأ كل وجبة بالخضار والبروتين لتزيد الشبع. | D14: نعم
A15: تنشيف | B15: إرشاد | C15: وزّع البروتين على 3–5 وجبات متقاربة. | D15: نعم
... A102: تثبيت / صيانة | B102: تنبيه | C102: تواصل معي عند أي تغير مفاجئ في الوزن أو الشهية. | D102: نعم

Sheet Pro تفضيلات
A1: Pro — تفضيلات واستبعادات وقيود التعبئة التلقائية
A2: تستخدمها «التعبئة التلقائية» (في Diet Pro Manager أو pro_autoplan.py): تستبعد الأصناف المذكورة، وتفضّل المفضلة، وتحترم حدود التكرار وعدد الأصناف وما لا يُقدَّم معاً.
A4: أقصى مرات أسبوعياً لمصدر البروتين الواحد | B4: 5
A5: أقصى مرات أسبوعياً لأي صنف آخر | B5: 8
A6: أقصى عدد أصناف في الوجبة الواحدة | B6: 4
A7: جرامات الخضار في الغداء/العشاء | B7: 150
A8: وزن قطعة البيض (جم) للتقريب | B8: 50
M9: اكتب كلمات بينها | (مثال: سمك|روبيان). افتراضياً: لا سمك مع الألبان (قابل للحذف).
A10: أصناف مستبعدة | B10: السبب | D10: كلمات مفتاحية للاستبعاد | E10: السبب | G10: أصناف مفضلة | H10: الأولوية 1-3 | J10: صنف | K10: أقصى مرات/أسبوع | M10: لا يُقدَّم مع (مجموعة أ) | N10: لا يُقدَّم مع (مجموعة ب)
M11: سمك|سلمون|تونة|روبيان|بلطي|سردين|قد | N11: زبادي|حليب|جبنة|لبن|قريش

Sheet قوائم النظام
A1: الجنس | B1: نعم/لا | C1: مستوى التفضيل | D1: درجة التفضيل | E1: نوع الاستبعاد | F1: نيء/مطبوخ | G1: محلي/دولي | H1: مستوى الكارب | I1: طريقة الماكروز | J1: ثابت/تدوير | K1: دور المكوّن | L1: عدد الوجبات | M1: تقييم المتابعة | N1: اقتراح المتابعة | O1: خطوة الحصص | P1: فلتر نوع البروتين
A2: ذكر | B2: نعم | C2: مفضل جداً | D2: 3 | E2: حساسية | F2: نيء | G2: محلي | H2: عالٍ | I2: يدوي (نسب مئوية) | J2: ثابت | K2: بروتين رئيسي | L2: 3 | M2: نقص الوزن كما هو متوقع | N2: الإبقاء على السعرات الحالية. | O2: 0.25 | P2: الكل
A3: أنثى | B3: لا | C3: مفضل | D3: 2 | E3: عدم تحمل | F3: مطبوخ | G3: دولي | H3: متوسط | I3: تلقائي: بروتين g/kg + دهون % | J3: تدوير الكربوهيدرات | K3: كربوهيدرات رئيسي | L3: 4 | M3: نقص الوزن أبطأ من المتوقع | N3: يمكن النظر في خفض تدريجي محدود للسعرات بعد التأكد من الالتزام وقياس الوزن بشكل صحيح. | O3: 0.5 | P3: قليل الدهن
C4: محايد | D4: 1 | E4: قيد طبي | F4: جاهز | H4: منخفض | I4: تلقائي: بروتين g/kg + كربوهيدرات % | K4: خضار | L4: 5 | M4: نقص الوزن أسرع من المتوقع | N4: يمكن النظر في رفع السعرات تدريجياً وتقييم الطاقة والتدريب. | P4: متوسط الدهن
C5: تجنب | D5: 0 | E5: قيد ديني | K5: دهون | L5: 6 | M5: الجوع مرتفع | N5: يمكن زيادة الأطعمة المشبعة (ألياف/بروتين/حجم) مع الإبقاء على الهدف الكلي. | P5: عالي الدهن
E6: كراهية شخصية | K6: تتبيل | M6: الالتزام منخفض | N6: يُنصح بتبسيط الخطة وتقليل التعقيد قبل أي خفض للسعرات. | P6: ألبان
E7: استبعاد مؤقت | K7: اختياري | P7: بقوليات/نباتي
K8: كمية ثابتة
